所属天/单元,单词,词性及中文释义
第1天 Unit 1 Lesson 1,,
第1天 Unit 1 Lesson 1,act,v.行动;表现得;扮演 n.行为
第1天 Unit 1 Lesson 1,*actor,n.演员;扮演者;参与者
第1天 Unit 1 Lesson 1,*actress,n.女演员
第1天 Unit 1 Lesson 1,action,"n.行为,行动;功能,作用"
第1天 Unit 1 Lesson 1,active,adj.积极的;活跃的;忙碌的;起作用的
第1天 Unit 1 Lesson 1,activity,n.活动;活跃;活性
第1天 Unit 1 Lesson 1,actual,adj.实际的;真正的
第1天 Unit 1 Lesson 1,*actually,adv.实际上;事实上
第1天 Unit 1 Lesson 1,virtual,"adj.事实上的,实际上的;虚拟的"
第1天 Unit 1 Lesson 1,*virtually,adv.几乎;事实上
第1天 Unit 1 Lesson 1,react,"v.回应,反应"
第1天 Unit 1 Lesson 1,*reaction,"n.回应,反应"
第1天 Unit 1 Lesson 1,exact,adj.准确的;严谨的;确切的
第1天 Unit 1 Lesson 1,*exactly,"adv.精确地,准确地,确切地"
第1天 Unit 1 Lesson 1,precise,"adj.精确的,准确的;确切的;就,恰好"
第1天 Unit 1 Lesson 1,*precision,n.精确;准确;细致
第1天 Unit 1 Lesson 1,*precisely,"adv.精确地,准确地;恰好地"
第1天 Unit 1 Lesson 1,behave,"v.表现,举止"
第1天 Unit 1 Lesson 1,*behavio(u)r,"n.行为,举止"
第1天 Unit 1 Lesson 1,practice,n.练习;实践;实际行动
第1天 Unit 1 Lesson 1,practise/-ice,v.练习;实践;训练
第1天 Unit 1 Lesson 1,practical,adj.实际的;真实的;客观存在的
第1天 Unit 1 Lesson 1,*practically,"adv.实际地;几乎,差不多"
第1天 Unit 1 Lesson 1,training,"n.训练,培训;锻炼"
第1天 Unit 1 Lesson 1,train,"n.火车,列车;队列 v.训练;培训"
第1天 Unit 1 Lesson 1,*trainer,n.教练员
第1天 Unit 1 Lesson 1,coach,"n.教练;长途客车 v.训练,指导"
第1天 Unit 1 Lesson 1,tutor,n.导师;家庭教师;私人教师 v.指导
第1天 Unit 1 Lesson 1,tuition,n.教学;学费
第1天 Unit 1 Lesson 1,able,adj.能够;有才能的
第1天 Unit 1 Lesson 1,*unable,"adj.没有能力的;未能,无法"
第1天 Unit 1 Lesson 1,disabled,"adj.残疾的,残废的"
第1天 Unit 1 Lesson 1,handicap,"n.残疾,生理缺陷;障碍 v.妨碍"
第1天 Unit 1 Lesson 1,ability,n.能力;才能;本领
第1天 Unit 1 Lesson 1,enable,v.使能够;使成为可能
第1天 Unit 1 Lesson 1,capable,"adj.有能力的,有才能的;能胜任的"
第1天 Unit 1 Lesson 1,capacity,n.容量;能力;职位
第1天 Unit 1 Lesson 1,capital,n.首都;资本;大写字母
第1天 Unit 1 Lesson 1,captain,n.船长;机长;首领 v.担任……的队长
第1天 Unit 1 Lesson 1,capture,v.捕获 n.(被)捕获
第1天 Unit 1 Lesson 1,escape,"v.逃跑,逃脱;避开 n.逃跑;逃脱;解脱"
第1天 Unit 1 Lesson 1,evade,v.逃脱;逃避;规避
第1天 Unit 1 Lesson 1,avoid,v.避免;回避
第2天 Unit 1 Lesson 2,,
第2天 Unit 1 Lesson 2,calm,v.使平静 adj.平静的;沉着的
第2天 Unit 1 Lesson 2,mature,adj.成熟的;成年的 v.成熟
第2天 Unit 1 Lesson 2,moral,adj.道德的;品行端正的 n.品行;道德
第2天 Unit 1 Lesson 2,*morality,n.道德;道德准则
第2天 Unit 1 Lesson 2,ethic,n.道德体系;行为准则;道德准则
第2天 Unit 1 Lesson 2,alarm,v.使惊恐;使不安 n.警报;惊恐
第2天 Unit 1 Lesson 2,loom,v.隐隐现出;显得突出;逼近 n.织布机
第2天 Unit 1 Lesson 2,boom,v./n.(发出)隆隆声;繁荣;激增
第2天 Unit 1 Lesson 2,bloom,n.花 v.开花
第2天 Unit 1 Lesson 2,bomb,n.炸弹 v.轰炸
第2天 Unit 1 Lesson 2,boost,v.使增长 n.增长;帮助
第2天 Unit 1 Lesson 2,magic,n.魔法;魔术 adj.有魔力的;神奇的
第2天 Unit 1 Lesson 2,mirror,n.镜子;写照
第2天 Unit 1 Lesson 2,miracle,n.神迹;奇迹
第2天 Unit 1 Lesson 2,misery,n.痛苦;悲惨;不幸的事
第2天 Unit 1 Lesson 2,*miserable,adj.痛苦的;可怜的
第2天 Unit 1 Lesson 2,*miserably,adv.痛苦地;可怜地
第2天 Unit 1 Lesson 2,mask,"n.面具,面罩;伪装 v.掩饰,掩盖"
第2天 Unit 1 Lesson 2,bury,v.埋葬;隐藏
第2天 Unit 1 Lesson 2,misunderstand,v.误解;误会
第2天 Unit 1 Lesson 2,*misunderstanding,n.误解;误会;不和
第2天 Unit 1 Lesson 2,screen,n.屏幕;荧光屏;银幕
第2天 Unit 1 Lesson 2,cover,v.覆盖;占;包括;掩护 n.覆盖物;躲避处;封面
第2天 Unit 1 Lesson 2,discover,v.发现;发觉;了解到
第2天 Unit 1 Lesson 2,*discovery,n.发现;发觉;被发现的事物
第2天 Unit 1 Lesson 2,recover,"v.康复,痊愈;恢复"
第2天 Unit 1 Lesson 2,*recovery,n.恢复;痊愈;复苏
第2天 Unit 1 Lesson 2,uncover,v.揭露;发现;揭开盖子
第2天 Unit 1 Lesson 2,dare,v.敢于;胆敢
第2天 Unit 1 Lesson 2,admire,v.钦佩;赞赏;欣赏
第2天 Unit 1 Lesson 2,worship,"n./v.崇拜,敬仰;(做)礼拜"
第2天 Unit 1 Lesson 2,wire,n.金属线;电线 v.用导线接通电源
第2天 Unit 1 Lesson 2,resort,"n.度假胜地;采取,求助 v.求助于;采取"
第2天 Unit 1 Lesson 2,sort,"n.种类 v.把……分类,整理"
第2天 Unit 1 Lesson 2,share,"v.分担,分享;分配;分摊 n.股份;一份"
第2天 Unit 1 Lesson 2,mere,"adj.仅仅,只不过"
第2天 Unit 1 Lesson 2,*merely,adv.仅仅;只不过
第2天 Unit 1 Lesson 2,sole,"adj.仅有的,唯一的;独占的,专有的"
第2天 Unit 1 Lesson 2,relax,"v.放松,休息"
第2天 Unit 1 Lesson 2,complex,adj.复杂的;复合的 n.建筑群;情结
第2天 Unit 1 Lesson 2,complain,v.抱怨;埋怨;发牢骚
第2天 Unit 1 Lesson 2,*complaint,n.抱怨;投诉;控告
第2天 Unit 1 Lesson 2,complicate,v.使复杂化
第2天 Unit 1 Lesson 2,*complicated,"adj.复杂的,难懂的"
第2天 Unit 1 Lesson 2,compound,n.混合物;复合词 adj.复合的
第2天 Unit 1 Lesson 2,pound,n.磅(重量单位);英镑
第2天 Unit 1 Lesson 2,camp,n.营地;夏令营 v.露营;野营
第2天 Unit 1 Lesson 2,campaign,n.运动;活动;战役
第2天 Unit 1 Lesson 2,campus,n.校园;校区
第2天 Unit 1 Lesson 2,curriculum,n.课程
第2天 Unit 1 Lesson 2,term,n.学期;术语;任期
第2天 Unit 1 Lesson 2,educate,v.教育;教导;教养;训练
第2天 Unit 1 Lesson 2,*educator,n.教育工作者;教师
第2天 Unit 1 Lesson 2,education,"n.教育;培养,训练"
第2天 Unit 1 Lesson 2,*educational,adj.教育的
第2天 Unit 1 Lesson 2,professor,"n.教授;(大学的)讲师,教员"
第2天 Unit 1 Lesson 2,profession,"n.行业,职业;专业"
第2天 Unit 1 Lesson 2,professional,adj.职业的;专业的 n.专家
第2天 Unit 1 Lesson 2,confess,"v.承认,坦白;忏悔"
第2天 Unit 1 Lesson 2,expert,n.专家 adj.专家的
第2天 Unit 1 Lesson 2,*expertise,"n.专长,专门技能"
第2天 Unit 1 Lesson 2,academic,n.大学教师;学者 adj.学术的
第2天 Unit 1 Lesson 2,scholar,n.学者;奖学金获得者
第2天 Unit 1 Lesson 2,scholarship,n.奖学金
第2天 Unit 1 Lesson 2,invite,v.邀请;招致
第2天 Unit 1 Lesson 2,*invitation,n.邀请;请柬
第3天 Unit 1 Lesson 3,,
第3天 Unit 1 Lesson 3,freshman,n.(大学)一年级新生
第3天 Unit 1 Lesson 3,veteran,"n.老兵,退伍军人;老手,经验丰富的人"
第3天 Unit 1 Lesson 3,sophisticated,adj.见多识广的;老练的;精密的;先进的
第3天 Unit 1 Lesson 3,junior,adj.级别低的;青少年的 n.青少年
第3天 Unit 1 Lesson 3,senior,adj.级别高的;老年的 n.长辈;上级
第3天 Unit 1 Lesson 3,dormitory,"n.宿舍,集体寝室"
第3天 Unit 1 Lesson 3,graduate,n.(大学)毕业生 v.毕业;获得学位
第3天 Unit 1 Lesson 3,*graduation,n.毕业;毕业典礼
第3天 Unit 1 Lesson 3,undergraduate,n.本科生
第3天 Unit 1 Lesson 3,gradually,adv.逐渐地;渐进地
第3天 Unit 1 Lesson 3,*gradual,adj.逐渐的;渐进的
第3天 Unit 1 Lesson 3,step,"n.台阶;步骤;迈步;一步 v.踏,踩;迈步,行走"
第3天 Unit 1 Lesson 3,thesis,"n.论文,毕业论文;论题"
第3天 Unit 1 Lesson 3,examine,v.(仔细地)检查;调查;测验
第3天 Unit 1 Lesson 3,*examination,n.考试;检查;调查
第3天 Unit 1 Lesson 3,check,"v.检查,核对 n.检查;调查;支票"
第3天 Unit 1 Lesson 3,degree,n.程度;度数;(大学)学位
第3天 Unit 1 Lesson 3,level,"n.水平;程度,等级"
第3天 Unit 1 Lesson 3,rank,"n.地位,级别;等级 v.把……分等级;名列"
第3天 Unit 1 Lesson 3,scale,"n.规模,范围,程度;等级"
第3天 Unit 1 Lesson 3,discipline,n.训练;纪律;学科
第3天 Unit 1 Lesson 3,*disciplined,adj.受过训练的;遵守纪律的
第3天 Unit 1 Lesson 3,principle,"n.道德原则;规范;法则,原则"
第3天 Unit 1 Lesson 3,principal,"n.校长;首长 adj.最重要的,主要的"
第3天 Unit 1 Lesson 3,course,n.课程;过程;进展;航线;方针
第3天 Unit 1 Lesson 3,case,n.实例;情况;诉讼;容器
第3天 Unit 1 Lesson 3,president,"n.总统,主席;董事长;总经理;(大学)校长"
第3天 Unit 1 Lesson 3,resident,"n.居民,住户 adj.居住的,定居的"
第3天 Unit 1 Lesson 3,*residence,n.居住;住处
第3天 Unit 1 Lesson 3,*reside,"v.居住在,定居于"
第3天 Unit 1 Lesson 3,inhabit,v.栖居于;居住于
第3天 Unit 1 Lesson 3,*inhabitant,n.居民;栖息动物
第3天 Unit 1 Lesson 3,habit,n.习惯;习性
第3天 Unit 1 Lesson 3,besides,prep.除……之外(还) adv.而且;此外;也
第3天 Unit 1 Lesson 3,except,v.把……除外 prep.除……之外 conj.除了;只是
第3天 Unit 1 Lesson 3,exception,n.例外;一般情况以外的人(或事物)
第3天 Unit 1 Lesson 3,combine,v.(使)结合;联合;兼备
第3天 Unit 1 Lesson 3,*combination,n.结合;混合
第3天 Unit 1 Lesson 3,connect,v.连接;联系
第3天 Unit 1 Lesson 3,*connection,n.关系;联系
第3天 Unit 1 Lesson 3,*disconnect,v.切断;使中断;使分离
第3天 Unit 1 Lesson 3,link,n.联系;连接 v.把……连接起来;联系
第3天 Unit 1 Lesson 3,bridge,n.桥;桥梁;纽带
第3天 Unit 1 Lesson 3,join,"v.参加,加入;结合,连接"
第3天 Unit 1 Lesson 3,joint,n.关节;接头 adj.联合的
第3天 Unit 1 Lesson 3,separate,v.(使)分开;区别 adj.单独的;不同的
第3天 Unit 1 Lesson 3,integrate,"v.(使)合并,成为一体;(使)加入;(使)融入"
第3天 Unit 1 Lesson 3,integrity,"n.诚实正直;完整,完好"
第3天 Unit 1 Lesson 3,immigrate,v.(从外地)移居;移民
第3天 Unit 1 Lesson 3,*immigrant,n.(外来)移民;外侨
第3天 Unit 1 Lesson 3,migration,n.迁移;移居;迁徙
第3天 Unit 1 Lesson 3,bind,"v.捆绑,系;结合;约束"
第3天 Unit 1 Lesson 3,bond,n.纽带;联系 v.(使)牢固结合;建立互信关系
第3天 Unit 1 Lesson 3,bend,v.(使)倾斜;(使)弯曲;折弯 n.拐弯;弯道
第3天 Unit 1 Lesson 3,twist,v.使弯曲;使扭曲变形;转动 n.扭动
第4天 Unit 1 Lesson 4,,
第4天 Unit 1 Lesson 4,associate,v.联想;联系;交往 n.同事;伙伴
第4天 Unit 1 Lesson 4,association,n.协会;社团;联系
第4天 Unit 1 Lesson 4,society,n.社会;社团;协会
第4天 Unit 1 Lesson 4,social,adj.社会的;社交的;群居的
第4天 Unit 1 Lesson 4,mix,n.混合;混杂 v.(使)混合;配制
第4天 Unit 1 Lesson 4,*mixture,n.混合;混合物
第4天 Unit 1 Lesson 4,stir,n.激动;搅动 v.搅拌;激发
第4天 Unit 1 Lesson 4,comprehensive,adj.全部的;综合性的;详尽的
第4天 Unit 1 Lesson 4,comprehension,n.理解力;领悟能力;理解练习
第4天 Unit 1 Lesson 4,communicate,"v.交流,沟通"
第4天 Unit 1 Lesson 4,*communication,n.表达;交流;通信
第4天 Unit 1 Lesson 4,mutual,"adj.相互的,彼此的;共有的,共同的"
第4天 Unit 1 Lesson 4,community,n.社区;社会;群体
第4天 Unit 1 Lesson 4,neighbo(u)r,n.邻居;邻国
第4天 Unit 1 Lesson 4,neighbo(u)rhood,"n.街坊,四邻;附近地区"
第4天 Unit 1 Lesson 4,nearby,adj.附近的 adv.在附近
第4天 Unit 1 Lesson 4,nearly,"adv.几乎,差不多;将近"
第4天 Unit 1 Lesson 4,almost,"adv.几乎,差不多"
第4天 Unit 1 Lesson 4,mostly,"adv.主要地,通常"
第4天 Unit 1 Lesson 4,contact,n.联系;接触 v.联系
第4天 Unit 1 Lesson 4,touch,v.触摸;碰到;感动 n.触觉;触摸;碰;接触
第4天 Unit 1 Lesson 4,attach,v.贴上;把……固定;(使)与……有联系;重视
第4天 Unit 1 Lesson 4,*attachment,n.附件;附属物;依恋
第4天 Unit 1 Lesson 4,adhere,v.黏附;遵守;坚持
第4天 Unit 1 Lesson 4,stick,"v.粘贴,粘着;刺,插入 n.枝条;条状物"
第4天 Unit 1 Lesson 4,*sticky,adj.黏(性)的
第4天 Unit 1 Lesson 4,clue,n.线索;提示
第4天 Unit 1 Lesson 4,cue,"n.暗示,提示 v.给(某人)暗示(或提示)"
第4天 Unit 1 Lesson 4,thread,"n.线;思路,线索;线状物 v.穿线于"
第4天 Unit 1 Lesson 4,bottom,n.底部;底面;底 adj.底部的;最后的
第4天 Unit 1 Lesson 4,beneath,"prep.在(或往)……下面,在(或往)……下方"
第4天 Unit 1 Lesson 4,underneath,adv./prep.在(……)下面 n.底部
第4天 Unit 1 Lesson 4,below,prep.在……下面;低于 adv.在下面
第4天 Unit 1 Lesson 4,under,prep./adv.在(……)下面;低于 adj.下面的
第4天 Unit 1 Lesson 4,undergo,"v.经历,经受"
第4天 Unit 1 Lesson 4,undertake,v.承担;从事;着手做
第4天 Unit 1 Lesson 4,*undertaking,n.任务;事业;企业
第4天 Unit 1 Lesson 4,underground,adj.地下的 adv.在地下 n.地铁
第4天 Unit 1 Lesson 4,ground,"n.地,地面;场地,空地"
第4天 Unit 1 Lesson 4,background,n.背景;幕后
第4天 Unit 1 Lesson 4,bacteria,n.细菌
第4天 Unit 1 Lesson 4,undermine,v.逐渐削弱(信心、权威等);(暗中)破坏
第4天 Unit 1 Lesson 4,determine,"v.查明;决定;支配,影响"
第4天 Unit 1 Lesson 4,underline,"v.在(词语等)下面画线;强调,重视"
第4天 Unit 1 Lesson 4,outline,"n.轮廓,外形;梗概 v.概述;勾勒"
第4天 Unit 1 Lesson 4,deadline,"n.截止日期,最终期限"
第4天 Unit 1 Lesson 4,headline,"n.大字标题,头条;新闻摘要"
第4天 Unit 1 Lesson 4,forth,adv.向前
第4天 Unit 1 Lesson 4,foresee,v.预见;预知
第4天 Unit 1 Lesson 4,forward,adv.向前 adj.向前的 v.发送;促进
第4天 Unit 1 Lesson 4,ahead,adv.向前;提前;领先
第4天 Unit 1 Lesson 4,confront,"v.(使)面临,面对;对抗;解决(问题或困境)"
第4天 Unit 1 Lesson 4,*confrontation,n.对抗;冲突
第4天 Unit 1 Lesson 4,broad,adj.宽阔的;广泛的;普遍的
第4天 Unit 1 Lesson 4,broaden,"v.变宽,变阔;增长(经验等)"
第4天 Unit 1 Lesson 4,board,n.木板;董事会 v.登上(船、飞机等)
第4天 Unit 1 Lesson 4,aboard,adv./prep.在/上(船、飞机、火车等)(上)
第4天 Unit 1 Lesson 4,abroad,"adv.到国外,在国外"
第4天 Unit 1 Lesson 4,broadcast,v.播送;广播;散布 n.广播节目;电视节目
第4天 Unit 1 Lesson 4,wide,"adj.宽的,宽阔的;广泛的"
第4天 Unit 1 Lesson 4,*widely,adv.广泛地
第4天 Unit 1 Lesson 4,*widen,"v.(使)变宽,加宽;(使)扩展"
第4天 Unit 1 Lesson 4,width,n.宽度;广度
第4天 Unit 1 Lesson 4,wild,"adj.野生的,野外的;狂热的 n.野生环境"
第4天 Unit 1 Lesson 4,*wildlife,n.野生动物
第4天 Unit 1 Lesson 4,outdoors,adv.在户外;在野外
第4天 Unit 1 Lesson 4,*indoors,adv.在室内;进入户内
第4天 Unit 1 Lesson 4,branch,n.树枝;分支;支流
第4天 Unit 1 Lesson 4,random,adj.任意的;随意的
第4天 Unit 1 Lesson 4,*randomly,adv.随意;随机
第4天 Unit 1 Lesson 4,nature,"n.自然;大自然,自然界;本性"
第4天 Unit 1 Lesson 4,natural,"adj.天然的,自然的;正常的;天生的"
第4天 Unit 1 Lesson 4,tent,n.帐篷
第4天 Unit 1 Lesson 4,content,n.内容;含量;主题 adj.满意的 v.使满意
第4天 Unit 1 Lesson 4,satisfy,v.使满意;使满足
第4天 Unit 1 Lesson 4,*satisfied,adj.满意的;满足的
第4天 Unit 1 Lesson 4,*satisfactory,adj.令人满意的
第4天 Unit 1 Lesson 4,*satisfaction,n.满意;满足
第5天 Unit 2 Lesson 1,,
第5天 Unit 2 Lesson 1,receive,"v.收到,接到;接待;受到"
第5天 Unit 2 Lesson 1,*receiver,n.(电话)听筒;接收器
第5天 Unit 2 Lesson 1,receipt,n.收据;接收
第5天 Unit 2 Lesson 1,receptionist,n.接待员
第5天 Unit 2 Lesson 1,*reception,n.接待处;接待仪式;接待
第5天 Unit 2 Lesson 1,accept,v.接受;同意;承认
第5天 Unit 2 Lesson 1,concept,n.概念;观念
第5天 Unit 2 Lesson 1,occur,v.发生;出现
第5天 Unit 2 Lesson 1,*occurrence,n.出现;发生的事件
第5天 Unit 2 Lesson 1,happen,"v.发生;恰巧,碰巧"
第5天 Unit 2 Lesson 1,*happening,"n.事件,发生的事"
第5天 Unit 2 Lesson 1,traffic,n.交通;航行;运输
第5天 Unit 2 Lesson 1,jam,"n.果酱;拥挤,堵塞"
第5天 Unit 2 Lesson 1,paste,n.酱;膏 v.粘贴
第5天 Unit 2 Lesson 1,accident,n.事故;意外遭遇;不测事件
第5天 Unit 2 Lesson 1,incident,n.事件;事故
第5天 Unit 2 Lesson 1,occasion,n.特殊场合;时刻;机会
第5天 Unit 2 Lesson 1,*occasional,"adj.偶尔的,偶然的;临时的"
第5天 Unit 2 Lesson 1,opportunity,"n.机会,时机"
第5天 Unit 2 Lesson 1,chance,"n.机会,时机;可能性"
第5天 Unit 2 Lesson 1,affair,"n.事务;事情,事件"
第5天 Unit 2 Lesson 1,fair,adj.公平的;合理的 adv.公平合理地 n.集市
第5天 Unit 2 Lesson 1,*unfair,adj.不公平的
第5天 Unit 2 Lesson 1,fairly,"adv.公平地;一定地,相当地"
第5天 Unit 2 Lesson 1,event,"n.事件,(重要)事情,大事;活动;比赛项目"
第5天 Unit 2 Lesson 1,eventually,adv.最后;终于
第5天 Unit 2 Lesson 1,final,adj.最终的;最后的 n.决赛
第5天 Unit 2 Lesson 1,*finally,adv.终于;最终
第5天 Unit 2 Lesson 1,prevent,v.阻止;妨碍
第5天 Unit 2 Lesson 1,block,n.大块;街区;障碍物 v.妨碍;阻塞
第5天 Unit 2 Lesson 1,obstacle,n.障碍;干扰;阻碍;绊脚石
第5天 Unit 2 Lesson 1,hinder,v.阻碍;妨碍;阻挡
第5天 Unit 2 Lesson 1,restrain,"v.(尤指用武力)制止,阻止;约束,控制"
第5天 Unit 2 Lesson 1,ban,n.禁令 v.(官方)明令禁止;取缔
第5天 Unit 2 Lesson 1,forbid,"v.禁止,不准"
第5天 Unit 2 Lesson 1,prohibit,v.禁止;阻止
第5天 Unit 2 Lesson 1,exhibit,n.(一件)展览品;证据 v.展览;表现
第5天 Unit 2 Lesson 1,*exhibition,n.展览;展出
第5天 Unit 2 Lesson 1,display,"n./v.陈列;展览;表现,显示"
第5天 Unit 2 Lesson 1,adventure,n.冒险;冒险经历
第5天 Unit 2 Lesson 1,venture,"n.企业,商业;冒险事业 v.冒险;小心地说"
第5天 Unit 2 Lesson 1,invent,"v.发明,创造;虚构"
第5天 Unit 2 Lesson 1,*invention,"n.发明,创造"
第5天 Unit 2 Lesson 1,*inventor,n.发明者;创造者
第5天 Unit 2 Lesson 1,adapt,v.使适应;使适合
第5天 Unit 2 Lesson 1,adopt,v.收养;采纳;接受
第5天 Unit 2 Lesson 1,adjust,"v.调整,调节;(使)适合,(使)适应"
第5天 Unit 2 Lesson 1,justify,v.证明……正确(或正当、有理);为……辩护
第5天 Unit 2 Lesson 1,unjustified,"adj.不公正的,无正当理由的"
第5天 Unit 2 Lesson 1,justice,"n.公平,公正;司法制度;法官"
第5天 Unit 2 Lesson 1,prejudice,n.偏见;歧视 v.使有偏见
第5天 Unit 2 Lesson 1,judge,n.法官;裁判员;鉴定人 v.判定;判断;估计
第5天 Unit 2 Lesson 1,judg(e)ment,n.意见;审判;判断力
第6天 Unit 2 Lesson 2,,
第6天 Unit 2 Lesson 2,merit,n.优点;美德;价值
第6天 Unit 2 Lesson 2,advantage,n.有利条件;优势;优点
第6天 Unit 2 Lesson 2,disadvantage,"n.缺点;劣势,不利因素"
第6天 Unit 2 Lesson 2,weak,adj.虚弱的;不牢固的;懦弱的
第6天 Unit 2 Lesson 2,weakness,"n.弱点,缺点;虚弱,软弱"
第6天 Unit 2 Lesson 2,weaken,v.削弱;变弱
第6天 Unit 2 Lesson 2,wake,"v.醒,醒来;唤醒"
第6天 Unit 2 Lesson 2,*waken,v.醒来;唤醒
第6天 Unit 2 Lesson 2,awake,adj.醒着的 v.唤醒
第6天 Unit 2 Lesson 2,rouse,v.唤醒;使醒来
第6天 Unit 2 Lesson 2,shortcoming,"n.缺点,缺陷"
第6天 Unit 2 Lesson 2,whisper,v.耳语;低语;小声说 n.耳语(声);低语(声)
第6天 Unit 2 Lesson 2,aloud,"adv.大声地,出声地"
第6天 Unit 2 Lesson 2,loud,"adj.响亮的,大声的 adv.响亮地,大声地"
第6天 Unit 2 Lesson 2,envy,n./v.羡慕;忌妒
第6天 Unit 2 Lesson 2,*envious,adj.羡慕的;忌妒的
第6天 Unit 2 Lesson 2,jealous,adj.妒忌的;爱惜的
第6天 Unit 2 Lesson 2,grateful,"adj.感激的,感谢的"
第6天 Unit 2 Lesson 2,gratitude,n.感激
第6天 Unit 2 Lesson 2,grave,"n.坟墓,墓穴 adj.严重的;严肃的"
第6天 Unit 2 Lesson 2,gravity,n.严重性;严肃;重力
第6天 Unit 2 Lesson 2,severe,"adj.十分严重的,极为恶劣的;严峻的"
第6天 Unit 2 Lesson 2,serious,adj.严肃的;严重的;认真的;重要的
第6天 Unit 2 Lesson 2,series,"n.连续,一系列;连续剧"
第6天 Unit 2 Lesson 2,chain,n.链(条);一系列;连锁店 v.用链条拴住
第6天 Unit 2 Lesson 2,grant,v.授予;准予;承认 n.拨款
第6天 Unit 2 Lesson 2,greet,"v.迎接,和(某人)打招呼;对……作出反应"
第6天 Unit 2 Lesson 2,*greeting,"n.致意,问候"
第6天 Unit 2 Lesson 2,wave,n.波;波浪;挥手 v.挥手;挥动
第6天 Unit 2 Lesson 2,grab,n./v.抓住;抓取
第6天 Unit 2 Lesson 2,grasp,"n./v.抓住,抓紧;理解,领会"
第6天 Unit 2 Lesson 2,grass,"n.青草;草地,草坪"
第6天 Unit 2 Lesson 2,lawn,n.草坪
第6天 Unit 2 Lesson 2,seize,v.抓住;攻占
第6天 Unit 2 Lesson 2,program(me),n.程序;节目;计划;项目 v.编写程序;计划
第6天 Unit 2 Lesson 2,schedule,"n.工作计划;日程安排;时间表 v.安排,预定"
第6天 Unit 2 Lesson 2,routine,n.常规;日常工作;例行程序
第6天 Unit 2 Lesson 2,scheme,n.计划;方案;阴谋
第6天 Unit 2 Lesson 2,task,n.工作;任务;活动
第6天 Unit 2 Lesson 2,reply,v.回答;回应;作出反应 n.回答;答复
第6天 Unit 2 Lesson 2,respond,"v.回答,回应;作出反应"
第6天 Unit 2 Lesson 2,response,"n.回答;响应,反应"
第6天 Unit 2 Lesson 2,responsible,adj.有责任的;负责的;承担义务的
第6天 Unit 2 Lesson 2,*responsibility,n.负责;责任
第6天 Unit 2 Lesson 2,liable,adj.(法律上)有责任的;可能(做某事)
第6天 Unit 2 Lesson 2,oblige,"v.(以法律、义务等)强迫,迫使"
第6天 Unit 2 Lesson 2,*obligation,"n.义务,责任"
第6天 Unit 2 Lesson 2,duty,n.责任;义务;值班;税
第6天 Unit 2 Lesson 2,correspond,v.相符;一致;通信
第6天 Unit 2 Lesson 2,*corresponding,adj.符合的;相应的;相关的
第6天 Unit 2 Lesson 2,*correspondence,n.相关;相似;通信联系
第6天 Unit 2 Lesson 2,*correspondent,n.记者;通信员;通信者
第6天 Unit 2 Lesson 2,according,(to) prep.根据;按照
第6天 Unit 2 Lesson 2,record,"n.记录;记载;唱片 v.记录;标明;录音,录像"
第6天 Unit 2 Lesson 2,*recorder,n.记录者;录音机
第6天 Unit 2 Lesson 2,follow,v.跟随;遵循
第6天 Unit 2 Lesson 2,*following,"adj.下述的,下列的"
第6天 Unit 2 Lesson 2,fellow,"n.家伙;伙伴,同事 adj.同伴的;同事的"
第7天 Unit 2 Lesson 3,,
第7天 Unit 2 Lesson 3,approach,"v.接近;着手处理 n.接近;方法,方式"
第7天 Unit 2 Lesson 3,access,v.接近;进入;使用 n.通道;机会;权利
第7天 Unit 2 Lesson 3,accessible,adj.可接近的;可使用的;易相处的
第7天 Unit 2 Lesson 3,excess,n.超过;过度;过量 adj.额外的;过量的
第7天 Unit 2 Lesson 3,*excessive,adj.过分的;过度的
第7天 Unit 2 Lesson 3,exceed,"v.超过,胜过"
第7天 Unit 2 Lesson 3,ancestor,n.祖先;原型
第7天 Unit 2 Lesson 3,process,n.过程 v.加工;处理
第7天 Unit 2 Lesson 3,proceed,"v.进行,继续下去;前进"
第7天 Unit 2 Lesson 3,procedure,"n.程序,步骤"
第7天 Unit 2 Lesson 3,precede,v.在……之前发生(或出现);走在……前面;领先
第7天 Unit 2 Lesson 3,*preceding,"adj.在先的,前面的"
第7天 Unit 2 Lesson 3,procession,"n.队伍,行列"
第7天 Unit 2 Lesson 3,troop,"n.军队,士兵 v.列队行进"
第7天 Unit 2 Lesson 3,force,"n.力量;暴力;部队;影响大的人 v.强迫,迫使"
第7天 Unit 2 Lesson 3,*forceful,adj.强有力的;有说服力的
第7天 Unit 2 Lesson 3,reinforce,"v.加强,加固;给……加强力量,增援"
第7天 Unit 2 Lesson 3,enforce,v.强制;强迫;执行
第7天 Unit 2 Lesson 3,*enforcement,n.(强制)执行
第7天 Unit 2 Lesson 3,workforce,"n.劳动力,劳动大军,劳动人口;全体员工"
第7天 Unit 2 Lesson 3,work,n.工作;作品 v.(使)工作;(使)运作
第7天 Unit 2 Lesson 3,worker,"n.工作人员,工作者;工人"
第7天 Unit 2 Lesson 3,clerk,n.职员;办事员;店员
第7天 Unit 2 Lesson 3,workplace,n.工作场所;车间
第7天 Unit 2 Lesson 3,labo(u)r,n.劳动;劳动力;工作
第7天 Unit 2 Lesson 3,progress,"n.进步;进展 v.进步,改进"
第7天 Unit 2 Lesson 3,*progressive,adj.进步的;逐步的
第7天 Unit 2 Lesson 3,aggressive,"adj.好斗的,侵略性的;有闯劲的,有进取心的"
第7天 Unit 2 Lesson 3,*aggression,n.侵略;攻击性
第7天 Unit 2 Lesson 3,advance,n.进展;进步;前进 v.进步;前进;推动
第7天 Unit 2 Lesson 3,*advanced,adj.先进的;高级的
第7天 Unit 2 Lesson 3,prior,adj.先前的;较早的;优先的;较重要的
第7天 Unit 2 Lesson 3,priority,"n.优先,优先权;优先事项"
第7天 Unit 2 Lesson 3,economy,n.经济;节省
第7天 Unit 2 Lesson 3,economic,"adj.经济的,经济学的;可赚钱的"
第7天 Unit 2 Lesson 3,economics,n.经济学;经济情况
第7天 Unit 2 Lesson 3,economical,adj.经济的;节约的
第7天 Unit 2 Lesson 3,develop,v.开发;发展;成长;增强
第7天 Unit 2 Lesson 3,*development,n.发展;开发
第7天 Unit 2 Lesson 3,company,n.公司;陪伴
第7天 Unit 2 Lesson 3,accompany,v.陪伴;伴随
第7天 Unit 2 Lesson 3,*companion,"n.同伴,朋友"
第7天 Unit 2 Lesson 3,manufacture,"v.生产,制造 n.大量制造,批量生产"
第7天 Unit 2 Lesson 3,*manufacturer,n.生产商;制造商
第7天 Unit 2 Lesson 3,manual,adj.体力的;手工的 n.使用手册;指南
第7天 Unit 2 Lesson 3,colleague,"n.同事,同僚"
第7天 Unit 2 Lesson 3,employ,"v.雇用;应用,运用,使用"
第7天 Unit 2 Lesson 3,*employee,"n.受雇者,雇工,雇员"
第7天 Unit 2 Lesson 3,*employer,"n.雇用者,雇主,老板"
第7天 Unit 2 Lesson 3,*employment,n.工作;就业;雇用
第7天 Unit 2 Lesson 3,hire,"v.雇用;租用 n.租借,租用"
第7天 Unit 2 Lesson 3,utilise/-ize,"v.利用,使用"
第7天 Unit 2 Lesson 3,*utility,n.公用事业;效用;有用
第7天 Unit 2 Lesson 3,recruit,v.招聘;吸收(新成员) n.新成员
第7天 Unit 2 Lesson 3,wage,n.工资
第7天 Unit 2 Lesson 3,salary,n.薪水
第7天 Unit 2 Lesson 3,pay,"v.付费;交纳;创收;付出代价 n.工资,薪水"
第7天 Unit 2 Lesson 3,payment,n.付款;收款;报答
第7天 Unit 2 Lesson 3,earn,"v.赚,挣得;获得"
第7天 Unit 2 Lesson 3,apply,"v.申请,应用,适用"
第7天 Unit 2 Lesson 3,*applicant,n.申请人
第7天 Unit 2 Lesson 3,*application,n.申请;应用
第7天 Unit 2 Lesson 3,supply,"v.提供,供给,供应 n.供应,存货;补给(品)"
第7天 Unit 2 Lesson 3,supplement,n.增补(物);补充(物) v.增补;补充
第7天 Unit 2 Lesson 3,provide,"v.提供,供给;给予"
第7天 Unit 2 Lesson 3,*provision,n.供给;供应品
第7天 Unit 2 Lesson 3,provided,"conj.如果,假如"
第7天 Unit 2 Lesson 3,firm,n.公司;商行;商号 adj.坚固的;坚定的
第7天 Unit 2 Lesson 3,*firmly,adv.牢牢地
第7天 Unit 2 Lesson 3,confirm,"v.证实,证明;批准;使确信"
第7天 Unit 2 Lesson 3,tight,adj.紧的;严密的;防……的 adv.紧紧地;牢固地
第7天 Unit 2 Lesson 3,loose,v.释放;松开 adj.未固定牢的;自由的;零散的
第7天 Unit 2 Lesson 3,*loosen,v.(使)放松;松开;(使)变弱
第7天 Unit 2 Lesson 3,*loosely,"adv.宽松地,松散地"
第7天 Unit 2 Lesson 3,undo,"v.打开,解开;消除,取消"
第7天 Unit 2 Lesson 3,screw,n.螺丝(钉) v.用螺丝固定;拧紧
第7天 Unit 2 Lesson 3,manage,v.管理;解决;完成
第7天 Unit 2 Lesson 3,*management,"n.经营,管理"
第7天 Unit 2 Lesson 3,manager,n.经理;管理者
第8天 Unit 2 Lesson 4,,
第8天 Unit 2 Lesson 4,operate,v.运转;操作;经营;动手术
第8天 Unit 2 Lesson 4,*operator,n.操作人员
第8天 Unit 2 Lesson 4,operation,"n.手术;操作,运转;行动,活动"
第8天 Unit 2 Lesson 4,*operational,adj.操作的;运转的;可使用的
第8天 Unit 2 Lesson 4,surgery,n.外科手术;门诊处;诊室
第8天 Unit 2 Lesson 4,surgeon,n.外科医生
第8天 Unit 2 Lesson 4,dentist,n.牙医;牙医诊所
第8天 Unit 2 Lesson 4,identical,"adj.同一的,相同的"
第8天 Unit 2 Lesson 4,cooperate,"v.合作,协作"
第8天 Unit 2 Lesson 4,*cooperation,n.合作;协作;配合
第8天 Unit 2 Lesson 4,corporate,adj.公司的;全体的;法人的
第8天 Unit 2 Lesson 4,corporation,"n.(大)公司,企业"
第8天 Unit 2 Lesson 4,incorporate,"v.将……并入,包含"
第8天 Unit 2 Lesson 4,compete,v.竞争;参加比赛
第8天 Unit 2 Lesson 4,*competitor,"n.竞争者,对手"
第8天 Unit 2 Lesson 4,*competitive,adj.竞争的;有竞争力的;好胜的
第8天 Unit 2 Lesson 4,competition,n.竞争;比赛
第8天 Unit 2 Lesson 4,competent,adj.有能力的;称职的;胜任的
第8天 Unit 2 Lesson 4,complete,adj.完整的;完全的 v.完成;填写(表格)
第8天 Unit 2 Lesson 4,*completely,adv.完全地;彻底地
第8天 Unit 2 Lesson 4,rival,n.竞争对手 v.与……匹敌;比得上
第8天 Unit 2 Lesson 4,ready,adj.准备好的;已完成的;方便使用的
第8天 Unit 2 Lesson 4,*readily,adv.快捷地;便利地;欣然地
第8天 Unit 2 Lesson 4,versus,prep.(表示两队或双方对阵)对抗;与……相对
第8天 Unit 2 Lesson 4,compare,v.比较;比作;与……类似;比喻
第8天 Unit 2 Lesson 4,*comparable,adj.类似的;可比较的
第8天 Unit 2 Lesson 4,*comparative,adj.比较而言的;相对的;比较的;相比的
第8天 Unit 2 Lesson 4,*comparison,n.比较;对比;相比
第8天 Unit 2 Lesson 4,despair,n.绝望 v.绝望;丧失信心
第8天 Unit 2 Lesson 4,appear,v.显得;似乎;出现;起源
第8天 Unit 2 Lesson 4,appearance,"n.外貌,外观,外表;(尤指突然的)抵达,到来"
第8天 Unit 2 Lesson 4,disappear,"v.消失,不见"
第8天 Unit 2 Lesson 4,vanish,v.突然消失;灭绝
第8天 Unit 2 Lesson 4,missing,adj.不在的;丢失的;缺少的
第8天 Unit 2 Lesson 4,miss,"v.错过;未击中;想念 n.(M-)小姐,女士"
第8天 Unit 2 Lesson 4,amaze,v.使吃惊;使惊讶
第8天 Unit 2 Lesson 4,*amazing,adj.令人惊奇的
第8天 Unit 2 Lesson 4,astonish,v.使十分惊讶;使吃惊
第8天 Unit 2 Lesson 4,stone,n.石头;石块;宝石
第8天 Unit 2 Lesson 4,rock,"n.岩石,岩块;摇滚乐"
第8天 Unit 2 Lesson 4,amuse,v.娱乐;逗乐
第8天 Unit 2 Lesson 4,*amusement,n.娱乐活动
第8天 Unit 2 Lesson 4,library,n.图书馆;藏书楼;资料室
第8天 Unit 2 Lesson 4,emerge,v.浮现;出现;兴起
第8天 Unit 2 Lesson 4,emergency,"n.紧急情况,非常时刻"
第8天 Unit 2 Lesson 4,surface,n.表面 v.升到水面;显露
第8天 Unit 2 Lesson 4,float,v.浮动;漂浮
第8天 Unit 2 Lesson 4,survey,n.民意调查;总体研究 v.审视;调查
第8天 Unit 2 Lesson 4,convey,"v.表达,传递;运送,输送"
第8天 Unit 2 Lesson 4,research,v./n.研究;调查
第8天 Unit 2 Lesson 4,trade,n.贸易;交易;行业 v.做生意
第8天 Unit 2 Lesson 4,bid,v./n.出价;投标;努力争取
第8天 Unit 2 Lesson 4,commerce,"n.(尤指国际间的)贸易,商业"
第8天 Unit 2 Lesson 4,*commercial,adj.贸易的;商业的
第8天 Unit 2 Lesson 4,*commercialise/-ize,v.商业化
第8天 Unit 2 Lesson 4,business,"n.商业;生意,交易;事情;工作"
第8天 Unit 2 Lesson 4,sale,n.出售;廉价售卖
第8天 Unit 2 Lesson 4,merchant,n.商人;批发商
第8天 Unit 2 Lesson 4,invest,v.投资;投入;授予
第8天 Unit 2 Lesson 4,*investment,n.投资;投资额;(时间、精力的)投入
第8天 Unit 2 Lesson 4,investigate,v.调查;研究
第8天 Unit 2 Lesson 4,*investigation,n.调查;研究
第8天 Unit 2 Lesson 4,statistic,n.统计数字;统计学;(一项)统计数据
第8天 Unit 2 Lesson 4,*statistical,adj.统计的;统计学的
第8天 Unit 2 Lesson 4,data,n.资料;数据
第8天 Unit 2 Lesson 4,*datum,n.数据;资料
第8天 Unit 2 Lesson 4,*database,n.(储存在计算机中的)数据库
第8天 Unit 2 Lesson 4,accommodate,v.为……提供住宿;适应;容纳
第8天 Unit 2 Lesson 4,*accommodation,n.住处;住宿
第8天 Unit 2 Lesson 4,ultimate,"adj.最后的,最终的"
第8天 Unit 2 Lesson 4,finance,n.财政;金融
第8天 Unit 2 Lesson 4,*financial,adj.财政的;财务的;金融的
第8天 Unit 2 Lesson 4,crisis,n.危机;危急关头
第8天 Unit 2 Lesson 4,debt,"n.债务,欠款"
第8天 Unit 2 Lesson 4,owe,v.欠(账、情);归因于
第8天 Unit 2 Lesson 4,commodity,n.商品
第8天 Unit 2 Lesson 4,goods,n.商品;货品
第8天 Unit 2 Lesson 4,advertise,v.(为……)做广告;宣传
第8天 Unit 2 Lesson 4,*advertisement,n.广告
第8天 Unit 2 Lesson 4,*advertiser,n.广告商;广告公司;登广告者
第9天 Unit 3 Lesson 1,,
第9天 Unit 3 Lesson 1,produce,"v.生产,制造 n.产品;(尤指)农产品"
第9天 Unit 3 Lesson 1,product,n.产品;产物
第9天 Unit 3 Lesson 1,production,n.生产;制作;产量
第9天 Unit 3 Lesson 1,reproduce,v.复制;繁殖;再生产
第9天 Unit 3 Lesson 1,*reproduction,"n.生殖,繁殖;复制"
第9天 Unit 3 Lesson 1,productivity,n.生产率;生产力
第9天 Unit 3 Lesson 1,yield,"n.产量;利润 v.出产,生产;屈服"
第9天 Unit 3 Lesson 1,harvest,"n.收获,成果 v.收割;采集"
第9天 Unit 3 Lesson 1,revenue,n.税收;收入;收益
第9天 Unit 3 Lesson 1,avenue,"n.大街,林荫道;途径"
第9天 Unit 3 Lesson 1,outlet,n.出口;经销店;发泄方式;表现机会
第9天 Unit 3 Lesson 1,output,"v.输出 n.(人、机器等的)产量,输出量"
第9天 Unit 3 Lesson 1,income,"n.收入,收益"
第9天 Unit 3 Lesson 1,overcome,"v.克服,战胜"
第9天 Unit 3 Lesson 1,overtake,v.超过;赶上
第9天 Unit 3 Lesson 1,overall,"adj.全面的,综合的 adv.总计;总体上"
第9天 Unit 3 Lesson 1,overwhelming,adj.巨大的;压倒性的
第9天 Unit 3 Lesson 1,overstate,v.夸大;夸张;言过其实
第9天 Unit 3 Lesson 1,status,n.法律地位(或身份);地位;职位
第9天 Unit 3 Lesson 1,statue,"n.雕像,雕塑"
第9天 Unit 3 Lesson 1,statement,n.声明;陈述;观点
第9天 Unit 3 Lesson 1,belief,"n.相信,信心;信念;看法"
第9天 Unit 3 Lesson 1,believe,v.相信;认定
第9天 Unit 3 Lesson 1,brief,adj.短暂的;简短的;简洁的
第9天 Unit 3 Lesson 1,opinion,n.意见;看法;主张
第9天 Unit 3 Lesson 1,thought,"n.思想;想法;思考 v.认为;想,思考;打算"
第9天 Unit 3 Lesson 1,*thoughtful,"adj.沉思的,思考的;体贴的"
第9天 Unit 3 Lesson 1,brush,n.刷子;画笔 v.(用刷子)涂;抹
第9天 Unit 3 Lesson 1,paint,n.油漆;颜料 v.在……上刷油漆;用颜料画;描绘
第9天 Unit 3 Lesson 1,*painter,n.油漆匠;画家
第9天 Unit 3 Lesson 1,*painting,n.油画;绘画
第9天 Unit 3 Lesson 1,describe,"v.描述,形容"
第9天 Unit 3 Lesson 1,*description,n.描述;说明
第9天 Unit 3 Lesson 1,prescribe,v.规定;开处方
第9天 Unit 3 Lesson 1,*prescription,"n.药方,处方;开处方"
第9天 Unit 3 Lesson 1,draw,"v.画;拖,拉,牵引;吸引;引起;得出;提取"
第9天 Unit 3 Lesson 1,*drawing,n.图画;素描画
第9天 Unit 3 Lesson 1,drawer,n.抽屉
第9天 Unit 3 Lesson 1,sketch,"n.素描,速写;概述 v.画素描;概述"
第9天 Unit 3 Lesson 1,*sketchy,adj.粗略的;概略的;不完备的
第9天 Unit 3 Lesson 1,withdraw,"v.(使)撤回;撤离;收回;提,取(银行账户中的款)"
第9天 Unit 3 Lesson 1,*withdrawal,n.提款;撤走;收回
第9天 Unit 3 Lesson 1,withstand,"v.承受,抵住"
第9天 Unit 3 Lesson 1,clash,n.冲突;不协调;撞击声 v.冲突;争论
第9天 Unit 3 Lesson 1,crash,v.撞车;坠毁 n.撞车事故;失事
第9天 Unit 3 Lesson 1,ashamed,adj.惭愧的;羞耻的;羞愧的
第9天 Unit 3 Lesson 1,shame,"n.惭愧,羞耻,羞愧;羞耻心;耻辱;令人遗憾的事"
第9天 Unit 3 Lesson 1,cash,n.现金;金钱
第9天 Unit 3 Lesson 1,flash,"n.闪光;闪现 v.闪光,闪烁"
第9天 Unit 3 Lesson 1,dash,"v.猛冲,突进;(使)冲撞 n.猛冲,突进;破折号"
第9天 Unit 3 Lesson 1,sense,n.感觉;见识;理解力;意义 v.感觉到;觉察到
第9天 Unit 3 Lesson 1,sensitive,adj.敏感的;善解人意的
第9天 Unit 3 Lesson 1,sensible,adj.明智的;合理的;可以感觉到的
第9天 Unit 3 Lesson 1,nonsense,"n.废话,胡说;荒谬的想法"
第9天 Unit 3 Lesson 1,tense,adj.紧张的 v.紧张;绷紧 n.时态
第9天 Unit 3 Lesson 1,*tension,n.紧张;矛盾;拉伸;张力
第9天 Unit 3 Lesson 1,intense,adj.紧张的;激烈的;十分强烈的
第9天 Unit 3 Lesson 1,*intensity,n.强烈;紧张
第9天 Unit 3 Lesson 1,intensive,"adj.集中的,加强的;密集的"
第9天 Unit 3 Lesson 1,*intensively,adv.集中地;强烈地
第9天 Unit 3 Lesson 1,intensify,"v.增强,加剧"
第10天 Unit 3 Lesson 2,,
第10天 Unit 3 Lesson 2,steady,"adj.平稳的;牢固的;冷静的 v.使平稳,稳住"
第10天 Unit 3 Lesson 2,stable,adj.稳定的;牢固的;稳重的 n.养马场;马房
第10天 Unit 3 Lesson 2,*stabilise/-ize,"v.(使)稳定,稳固"
第10天 Unit 3 Lesson 2,*stability,n.稳定(性);稳固(性)
第10天 Unit 3 Lesson 2,establish,"v.建立,设立;确定"
第10天 Unit 3 Lesson 2,*establishment,n.建立;机构
第10天 Unit 3 Lesson 2,foundation,"n.地基;基础,根据;建立"
第10天 Unit 3 Lesson 2,profound,adj.影响深远的;深切的;理解深刻的;深厚的
第10天 Unit 3 Lesson 2,base,n.基础;根据 v.以……为基础;以……为据点
第10天 Unit 3 Lesson 2,basis,n.基础;基准;原因
第10天 Unit 3 Lesson 2,basic,adj.基础的;基本的
第10天 Unit 3 Lesson 2,*basically,adv.基本上;总的来说
第10天 Unit 3 Lesson 2,construction,"n.建筑,建造,施工;创立"
第10天 Unit 3 Lesson 2,structure,"n.结构;建筑物;体系 v.组织,安排"
第10天 Unit 3 Lesson 2,infrastructure,"n.(国家或机构的)基础设施,基础建设"
第10天 Unit 3 Lesson 2,frame,"n.框架;结构;体形,身材 v.给……做框;制订"
第10天 Unit 3 Lesson 2,framework,n.框架;结构;机制;准则
第10天 Unit 3 Lesson 2,brave,"adj.勇敢的,无畏的"
第10天 Unit 3 Lesson 2,*bravery,n.勇气
第10天 Unit 3 Lesson 2,courage,n.勇气;勇敢;胆量
第10天 Unit 3 Lesson 2,*courageous,adj.勇敢的;无畏的
第10天 Unit 3 Lesson 2,encourage,"v.鼓励;激励,刺激"
第10天 Unit 3 Lesson 2,*encouragement,"n.鼓励,激励"
第10天 Unit 3 Lesson 2,discourage,"v.使气馁,使灰心;阻止"
第10天 Unit 3 Lesson 2,urge,"v.主张,强烈要求;催促;鼓励"
第10天 Unit 3 Lesson 2,urgent,"adj.急迫的,紧急的"
第10天 Unit 3 Lesson 2,bold,"adj.勇敢的,大胆的;鲁莽的"
第10天 Unit 3 Lesson 2,bald,adj.秃头的;光秃秃的;简单的;直截了当的
第10天 Unit 3 Lesson 2,inspire,v.鼓舞;激励;启发
第10天 Unit 3 Lesson 2,spirit,n.精神;心灵;情绪
第10天 Unit 3 Lesson 2,*spiritual,adj.精神的;心灵的
第10天 Unit 3 Lesson 2,aspire,v.渴望(成就);有志(成为)
第10天 Unit 3 Lesson 2,expire,"v.到期,过期,失效;(任期)届满;死亡"
第10天 Unit 3 Lesson 2,cease,"v.停止,终止"
第10天 Unit 3 Lesson 2,pause,"v.中止,暂停 n.停顿;暂停键"
第10天 Unit 3 Lesson 2,cancel,"v.取消,废除;撤销"
第10天 Unit 3 Lesson 2,hang,"v.悬挂,吊着;垂下 v.绞死"
第10天 Unit 3 Lesson 2,halt,"v.(使)停止,停下 n.停止;暂停;阻止"
第10天 Unit 3 Lesson 2,mood,n.情绪;心情;气氛;(动词的)语气
第10天 Unit 3 Lesson 2,moon,n.月亮;月球
第10天 Unit 3 Lesson 2,temper,n.脾气;情绪;怒气 v.使缓和
第10天 Unit 3 Lesson 2,temperature,"n.温度,气温;体温"
第10天 Unit 3 Lesson 2,annoy,v.使苦恼;使生气;骚扰
第10天 Unit 3 Lesson 2,*annoyed,adj.恼怒的;生气的
第10天 Unit 3 Lesson 2,bore,v.使厌烦 n.令人讨厌的人或事
第10天 Unit 3 Lesson 2,boring,adj.无聊的;令人厌烦的
第10天 Unit 3 Lesson 2,tedious,"adj.单调的,乏味的"
第10天 Unit 3 Lesson 2,dull,adj.枯燥的;不鲜明的;迟钝的
第10天 Unit 3 Lesson 2,bother,"v.烦扰,打扰 n.麻烦,烦扰"
第10天 Unit 3 Lesson 2,disturb,v.打扰;使烦恼
第10天 Unit 3 Lesson 2,trouble,n.问题;困难;烦恼 v.使烦恼;劳驾;费力
第10天 Unit 3 Lesson 2,*troublesome,"adj.令人烦恼的,讨厌的"
第10天 Unit 3 Lesson 2,burden,"n.负担,重担 v.(使)担负;负重"
第10天 Unit 3 Lesson 2,cheer,v.欢呼;使振作;鼓舞 n.欢呼声
第10天 Unit 3 Lesson 2,*cheerful,"adj.快乐的,愉快的"
第10天 Unit 3 Lesson 2,clap,v./n.拍手;鼓掌
第10天 Unit 3 Lesson 2,celebrate,v.庆祝;庆贺;赞美
第10天 Unit 3 Lesson 2,congratulate,"v.祝贺,庆贺"
第10天 Unit 3 Lesson 2,*congratulation,"n.祝贺,恭贺;贺辞"
第10天 Unit 3 Lesson 2,festival,n.节日;喜庆日
第10天 Unit 3 Lesson 2,balloon,n.气球
第10天 Unit 3 Lesson 2,pool,"n.池塘,水池"
第11天 Unit 3 Lesson 3,,
第11天 Unit 3 Lesson 3,fortune,"n.财富,财产;运气"
第11天 Unit 3 Lesson 3,fortunate,"adj.幸运的,吉利的"
第11天 Unit 3 Lesson 3,*fortunately,adv.幸运地;吉利地
第11天 Unit 3 Lesson 3,unfortunate,adj.不幸的
第11天 Unit 3 Lesson 3,*unfortunately,adv.不幸地
第11天 Unit 3 Lesson 3,fate,n.命运;天意
第11天 Unit 3 Lesson 3,wealth,"n.财富;富有;大量,丰富"
第11天 Unit 3 Lesson 3,*wealthy,adj.富裕的;富有的
第11天 Unit 3 Lesson 3,poverty,"n.贫穷,贫困;短缺;劣质"
第11天 Unit 3 Lesson 3,*poor,adj.贫穷的;可怜的;劣质的
第11天 Unit 3 Lesson 3,asset,"n.资产,财产"
第11天 Unit 3 Lesson 3,settle,v.定居;解决
第11天 Unit 3 Lesson 3,*settlement,"n.解决,处理;移居地"
第11天 Unit 3 Lesson 3,upset,adj.心烦的;沮丧的 v.使心烦意乱;搅乱
第11天 Unit 3 Lesson 3,property,n.所有物;财产;不动产;房地产
第11天 Unit 3 Lesson 3,proper,"adj.正确的;适合的,适当的"
第11天 Unit 3 Lesson 3,*properly,adv.适当地
第11天 Unit 3 Lesson 3,appropriate,adj.恰当的;合适的
第11天 Unit 3 Lesson 3,*appropriately,adv.恰当地
第11天 Unit 3 Lesson 3,possess,v.拥有;具有
第11天 Unit 3 Lesson 3,possession,n.拥有;财产;私人物品
第11天 Unit 3 Lesson 3,assess,v.评估;估算
第11天 Unit 3 Lesson 3,*assessment,n.评估;评定;判定
第11天 Unit 3 Lesson 3,benefit,n.利益;益处;津贴 v.使受益
第11天 Unit 3 Lesson 3,*beneficial,adj.有益的
第11天 Unit 3 Lesson 3,profit,"n.利润,好处 v.得利"
第11天 Unit 3 Lesson 3,*profitable,adj.有利可图的;有益的
第11天 Unit 3 Lesson 3,pension,n.养老金;抚恤金
第11天 Unit 3 Lesson 3,subsidy,"n.补贴,补助金,津贴"
第11天 Unit 3 Lesson 3,welfare,"n.福利,救济;幸福"
第11天 Unit 3 Lesson 3,add,v.加;增加;添加;补充说
第11天 Unit 3 Lesson 3,addition,n.加;增加;增加物
第11天 Unit 3 Lesson 3,*additional,"adj.额外的,附加的"
第11天 Unit 3 Lesson 3,leap,v./n.跳跃;剧增
第11天 Unit 3 Lesson 3,count,v.数数;计数;重要 n.数数;数出总数
第11天 Unit 3 Lesson 3,*countless,adj.无数的;数不胜数的
第11天 Unit 3 Lesson 3,account,"n.账户,账号;账目 v.认为;解释;导致"
第11天 Unit 3 Lesson 3,counter,n.柜台;计算器;相对的事物
第11天 Unit 3 Lesson 3,encounter,v./n.遭遇;遇见
第11天 Unit 3 Lesson 3,counterpart,n.相似(或地位相当)的人或物
第11天 Unit 3 Lesson 3,calculate,v.计算;估计;推测
第11天 Unit 3 Lesson 3,*calculation,n.计算
第11天 Unit 3 Lesson 3,*calculator,n.计算器
第11天 Unit 3 Lesson 3,estimate,"v.估计,估算 n.估计,估算"
第11天 Unit 3 Lesson 3,underestimate,v.低估;轻视 n.低估;轻视
第11天 Unit 3 Lesson 3,approximate,"adj.大约的;接近的 v.近似,接近;估算"
第11天 Unit 3 Lesson 3,*approximately,adv.大概;大约
第11天 Unit 3 Lesson 3,intimate,"adj.亲密的;密切的 n.密友,知己"
第11天 Unit 3 Lesson 3,imitate,v.模仿
第11天 Unit 3 Lesson 3,*imitation,n.模仿;仿制品
第11天 Unit 3 Lesson 3,hesitate,"v.犹豫,踌躇"
第11天 Unit 3 Lesson 3,candidate,"n.候选人,申请人;应试者"
第11天 Unit 3 Lesson 3,simulate,"v.假装,装作;模仿;模拟"
第11天 Unit 3 Lesson 3,stimulate,v.促进;激发;激励;刺激
第11天 Unit 3 Lesson 3,spur,v.鞭策;激励;刺激 n.马刺;鞭策;激励
第11天 Unit 3 Lesson 3,simultaneous,"adj.同时发生(或进行)的,同步的"
第11天 Unit 3 Lesson 3,*simultaneously,adv.同时发生(或进行)地;同步地
第11天 Unit 3 Lesson 3,spill,"v.(使)洒出,溢出 n.洒出(量);泄漏(量)"
第11天 Unit 3 Lesson 3,swear,"v.发誓,宣誓;诅咒"
第11天 Unit 3 Lesson 3,wear,"v.穿,戴;留(发、须等);呈现,面带;磨损"
第11天 Unit 3 Lesson 3,spoil,"v.破坏,毁掉;溺爱 n.赃物;战利品"
第11天 Unit 3 Lesson 3,ruin,v.(使)毁坏;(使)毁灭 n.毁灭;破坏;废墟
第11天 Unit 3 Lesson 3,destroy,"v.毁坏,破坏;消灭"
第11天 Unit 3 Lesson 3,*destruction,"n.破坏;毁灭,摧毁"
第11天 Unit 3 Lesson 3,soil,n.土地;土壤
第11天 Unit 3 Lesson 3,boil,v.煮(沸);烧开
第11天 Unit 3 Lesson 3,spread,v.散布;展开 n.传播;广泛
第11天 Unit 3 Lesson 3,widespread,adj.分布广的;广泛流传的
第11天 Unit 3 Lesson 3,popular,adj.受欢迎的;普遍的
第11天 Unit 3 Lesson 3,*popularity,n.受欢迎;普及;流行
第11天 Unit 3 Lesson 3,prevail,v.普遍存在;盛行;被接受;战胜
第11天 Unit 3 Lesson 3,population,n.人口;某领域的生物;族群
第11天 Unit 3 Lesson 3,scream,"n./v.尖叫,喊叫"
第11天 Unit 3 Lesson 3,stream,"n.溪流,小河 v.流动;涌出"
第11天 Unit 3 Lesson 3,steam,"n.水蒸气,蒸汽;水汽 v.蒸发,蒸"
第11天 Unit 3 Lesson 3,*steamer,n.汽船;轮船;蒸锅;蒸笼
第11天 Unit 3 Lesson 3,span,n.期间;持续时间;跨度 v.(时间)持续;横跨
第11天 Unit 3 Lesson 3,scare,"v.惊吓;(使)害怕 n.惊恐,恐慌"
第11天 Unit 3 Lesson 3,*scary,"adj.恐怖的,吓人的"
第11天 Unit 3 Lesson 3,afraid,"adj.害怕的,担心的"
第11天 Unit 3 Lesson 3,cow,n.奶牛 v.恐吓
第11天 Unit 3 Lesson 3,threat,"n.恐吓,威胁"
第11天 Unit 3 Lesson 3,threaten,"v.恐吓,威胁"
第11天 Unit 3 Lesson 3,frighten,"v.使惊吓,使惊恐"
第11天 Unit 3 Lesson 3,*frightened,"adj.惊吓的,受惊的"
第11天 Unit 3 Lesson 3,*frightening,"adj.引起恐惧的,使惊恐的,骇人的"
第11天 Unit 3 Lesson 3,*fright,n.惊吓;恐怖
第11天 Unit 3 Lesson 3,uneasy,"adj.焦虑的,不安的;担心的"
第11天 Unit 3 Lesson 3,ease,"n.舒适,轻松 v.减轻,缓和"
第12天 Unit 3 Lesson 4,,
第12天 Unit 3 Lesson 4,fight,v.打架;与……作斗争
第12天 Unit 3 Lesson 4,hit,v.打;撞到 n.打;很受欢迎的人或事物
第12天 Unit 3 Lesson 4,beat,v.打;打败;赢
第12天 Unit 3 Lesson 4,beast,n.野兽;牲畜
第12天 Unit 3 Lesson 4,conflict,"n.冲突,争执;战斗 v.冲突;抵触"
第12天 Unit 3 Lesson 4,attack,"v.袭击,攻击;批评 n.袭击;抨击;批评"
第12天 Unit 3 Lesson 4,shoot,"v.射击,发射;摄影;飞驰 n.摄影;狩猎;新枝"
第12天 Unit 3 Lesson 4,shot,n.射击;枪手;射门;发射
第12天 Unit 3 Lesson 4,invade,"v.侵犯;侵略,入侵"
第12天 Unit 3 Lesson 4,*invasion,"n.侵犯;侵略,入侵;侵袭"
第12天 Unit 3 Lesson 4,enemy,n.敌人;敌军;危害物
第12天 Unit 3 Lesson 4,battle,n.战役;战斗 v.争论;斗争
第12天 Unit 3 Lesson 4,debate,"n.争论;讨论 v.讨论,辩论"
第12天 Unit 3 Lesson 4,dispute,"n.争论,辩论;争端 v.对……提出质询"
第12天 Unit 3 Lesson 4,combat,"v.防止;减轻;战斗 n.战斗,打仗"
第12天 Unit 3 Lesson 4,battery,n.电池
第12天 Unit 3 Lesson 4,struggle,"n.斗争;奋斗;努力 v.斗争,抗争;奋斗"
第12天 Unit 3 Lesson 4,beg,"v.恳求;乞求,请求"
第12天 Unit 3 Lesson 4,nuclear,adj.原子能的;核能的
第12天 Unit 3 Lesson 4,nucleus,"n.核,原子核;核心"
第12天 Unit 3 Lesson 4,weapon,n.武器
第12天 Unit 3 Lesson 4,arm,"n.臂;支架;武器,武力 v.武装,装备"
第12天 Unit 3 Lesson 4,army,n.军队
第12天 Unit 3 Lesson 4,military,n.军方 adj.军事的
第12天 Unit 3 Lesson 4,strike,"v.打,击;突然发生;罢工 n.罢工;打,击"
第12天 Unit 3 Lesson 4,striking,adj.引人注目的;异乎寻常的;显著的
第12天 Unit 3 Lesson 4,knock,"v.敲,打;碰,撞 n.敲击声"
第12天 Unit 3 Lesson 4,shock,n.震惊;休克;令人震惊的事 v.使震惊
第12天 Unit 3 Lesson 4,*shocking,adj.令人震惊的
第12天 Unit 3 Lesson 4,shake,v.摇动;抖动;与……握手 n.摇动;颤抖
第12天 Unit 3 Lesson 4,stroke,"v.抚摸;击球,击打 n.抚摸;中风;击球"
第12天 Unit 3 Lesson 4,strain,n.压力;重负 v.拉伤;拉紧
第12天 Unit 3 Lesson 4,stripe,n.条纹;线条
第12天 Unit 3 Lesson 4,tear,v.撕裂;扯破 n.眼泪
第12天 Unit 3 Lesson 4,contrast,"n.明显的差异;对比,对照 v.对比,对照"
第12天 Unit 3 Lesson 4,contrary,"adj.相对立的,相反的 n.相反的事实(或情况)"
第12天 Unit 3 Lesson 4,strategy,n.策略;策划;战略
第12天 Unit 3 Lesson 4,*strategic,adj.战略性的;战略上的
第12天 Unit 3 Lesson 4,burst,v.(使)爆裂;突然出现 n.突发;爆裂
第12天 Unit 3 Lesson 4,explode,v.爆炸;爆发;激增
第12天 Unit 3 Lesson 4,*explosion,n.爆炸;激增
第12天 Unit 3 Lesson 4,*explosive,"adj.能引起爆炸的 n.爆炸物,炸药"
第12天 Unit 3 Lesson 4,exploit,"v.利用;剥削;开发,开采"
第12天 Unit 3 Lesson 4,explore,v.勘查;探索;探究
第12天 Unit 3 Lesson 4,*explorer,n.探险家;探测器
第12天 Unit 3 Lesson 4,*exploration,n.探索;勘察
第12天 Unit 3 Lesson 4,stage,n.舞台;时期;阶段
第12天 Unit 3 Lesson 4,phase,n.(发展变化的)阶段;时期
第12天 Unit 3 Lesson 4,damage,"v.损害,毁坏 n.损坏;损害"
第12天 Unit 3 Lesson 4,wet,"adj.潮的,湿的,潮湿的 v.使潮湿"
第12天 Unit 3 Lesson 4,moisture,"n.水分;潮湿,水汽;潮气"
第12天 Unit 3 Lesson 4,*moist,"adj.潮湿的,湿润的"
第12天 Unit 3 Lesson 4,dry,adj.干的;干燥的 v.(使)变干
第12天 Unit 3 Lesson 4,*drought,n.干旱;旱灾
第12天 Unit 3 Lesson 4,image,n.画像;形象;印象;声誉
第12天 Unit 3 Lesson 4,*imaging,n.成像
第12天 Unit 3 Lesson 4,imagine,v.想象;设想;猜测
第12天 Unit 3 Lesson 4,*imagination,n.想象(力);幻觉
第12天 Unit 3 Lesson 4,*imaginary,"adj.想象的,虚构的"
第12天 Unit 3 Lesson 4,mend,v.修补;缝补
第12天 Unit 3 Lesson 4,cotton,n.棉花;棉布;棉线
第12天 Unit 3 Lesson 4,silk,"n.丝,蚕丝;丝绸,丝织物"
第12天 Unit 3 Lesson 4,fur,"n.毛,毛皮;毛皮衣服"
第12天 Unit 3 Lesson 4,furniture,n.家具
第12天 Unit 3 Lesson 4,gold,n.金;黄金制品;金牌;金色 adj.金色的
第12天 Unit 3 Lesson 4,*golden,adj.金色的;金(质)的;美好的
第12天 Unit 3 Lesson 4,metal,n.金属;金属制品
第12天 Unit 3 Lesson 4,china,"n.瓷;瓷器,瓷制品"
第13天 Unit 4 Lesson 1,,
第13天 Unit 4 Lesson 1,error,"n.错误,差错,谬误"
第13天 Unit 4 Lesson 1,bug,n.虫子;小病;计算机故障
第13天 Unit 4 Lesson 1,insect,n.昆虫
第13天 Unit 4 Lesson 1,fault,n.缺点;过错;责任;故障
第13天 Unit 4 Lesson 1,comfort,n.舒适;安慰 v.安慰
第13天 Unit 4 Lesson 1,comfortable,adj.令人舒服的;令人舒适的;自在的
第13天 Unit 4 Lesson 1,*uncomfortable,adj.令人不舒适的;令人不舒适的;不安的
第13天 Unit 4 Lesson 1,effort,n.努力;费力的事;试图
第13天 Unit 4 Lesson 1,trial,n.试验;试用;审判 v.测试
第13天 Unit 4 Lesson 1,lab,n.实验室
第13天 Unit 4 Lesson 1,accomplish,v.完成;达到;实现
第13天 Unit 4 Lesson 1,*accomplishment,n.成就;完成
第13天 Unit 4 Lesson 1,achieve,v.达到;实现;成功
第13天 Unit 4 Lesson 1,achievement,n.成就;功绩;达到
第13天 Unit 4 Lesson 1,fulfil(l),v.实现;履行
第13天 Unit 4 Lesson 1,*fulfil(l)ment,n.成就感;实现
第13天 Unit 4 Lesson 1,full,adj.充满的;大量的;饱的;完全的
第13天 Unit 4 Lesson 1,fill,"v.(使)充满,填满;满足 n.填满……的量"
第13天 Unit 4 Lesson 1,empty,adj.空的;空虚的 v.使变空
第13天 Unit 4 Lesson 1,gain,"v.获得;增加;受益 n.增加;好处,收益"
第13天 Unit 4 Lesson 1,pain,"n.疼痛;苦恼,烦恼 v.使痛苦,使苦恼"
第13天 Unit 4 Lesson 1,*painful,"adj.令人痛苦的,令人疼痛的"
第13天 Unit 4 Lesson 1,ache,n./v.疼痛
第13天 Unit 4 Lesson 1,ambition,n.追求的目标;夙愿;野心;雄心;志向
第13天 Unit 4 Lesson 1,*ambitious,adj.有野心的;费力的;耗时的
第13天 Unit 4 Lesson 1,dream,v.做梦;梦想 n.梦;梦想;梦幻
第13天 Unit 4 Lesson 1,realise/-ize,v.实现;理解;认识到
第13天 Unit 4 Lesson 1,*realisation/-ization,"n.认识,领会,领悟;实现"
第13天 Unit 4 Lesson 1,realistic,adj.现实的;实际的;明智的;逼真的
第13天 Unit 4 Lesson 1,reality,n.现实;事实
第13天 Unit 4 Lesson 1,pursue,v.追求;追赶;致力于;执行;贯彻
第13天 Unit 4 Lesson 1,*pursuit,n.追求;追赶;消遣
第13天 Unit 4 Lesson 1,purchase,v.购买;采购
第13天 Unit 4 Lesson 1,equal,adj.相同的;平等的 v.等于;比得上 n.相等物
第13天 Unit 4 Lesson 1,*equally,"adv.平等地;相等地,均等地"
第13天 Unit 4 Lesson 1,equality,n.平等;相等
第13天 Unit 4 Lesson 1,adequate,adj.足够的;充足的;合格的
第13天 Unit 4 Lesson 1,*inadequate,adj.不够的;不充足的
第13天 Unit 4 Lesson 1,equivalent,"n.相等的东西;等量 adj.相等的,相同的"
第13天 Unit 4 Lesson 1,part,n.部分;片段;成员;成分 v.分别 adv.部分地
第13天 Unit 4 Lesson 1,party,"n.聚会,派对;政党,党派;当事人,一方"
第13天 Unit 4 Lesson 1,partial,"adj.部分的,局部的;偏袒的"
第13天 Unit 4 Lesson 1,*impartial,"adj.公正的,不偏不倚的"
第13天 Unit 4 Lesson 1,neutral,adj.中立的;持平的;中性的 n.中立者;中立国
第13天 Unit 4 Lesson 1,*neutralise/-ize,v.使无效;中和;使中立
第13天 Unit 4 Lesson 1,apart,"adv.相隔地,分开地 adj.分离的,隔离的"
第13天 Unit 4 Lesson 1,apartment,n.公寓套房;房间
第13天 Unit 4 Lesson 1,department,n.部门;院系
第13天 Unit 4 Lesson 1,depart,"v.离开,出发;离职"
第13天 Unit 4 Lesson 1,*departure,n.离开;背离
第13天 Unit 4 Lesson 1,quit,v.离开;停止做;离职
第13天 Unit 4 Lesson 1,leave,v.离开;忘带;让……处于 n.假期
第13天 Unit 4 Lesson 1,leaf,"n.叶子;(书籍等的)张,页;金属薄片"
第13天 Unit 4 Lesson 1,fall,"v.落下;跌倒;下降;变成 n.落下,跌落;下降;秋天"
第13天 Unit 4 Lesson 1,hall,n.门厅;礼堂;大厅
第13天 Unit 4 Lesson 1,portion,n.部分;一份 v.把……分成若干份(或部分)
第13天 Unit 4 Lesson 1,proportion,n.部分;份额;比例;面积
第13天 Unit 4 Lesson 1,quarter,n.四分之一;季度;十五分钟 v.分为四份
第13天 Unit 4 Lesson 1,per,cent n.百分之…… adj./adv.每一百中
第13天 Unit 4 Lesson 1,percentage,n.百分率
第13天 Unit 4 Lesson 1,million,num.百万
第13天 Unit 4 Lesson 1,billion,num.十亿
第14天 Unit 4 Lesson 2,,
第14天 Unit 4 Lesson 2,gene,n.基因
第14天 Unit 4 Lesson 2,genetic,adj.基因的;遗传学的
第14天 Unit 4 Lesson 2,general,adj.普遍的;普通的;一般的 n.将军
第14天 Unit 4 Lesson 2,*generally,adv.普遍地;一般地;通常地
第14天 Unit 4 Lesson 2,average,adj.平均的;普通的;正常的 n.平均数;平均水平
第14天 Unit 4 Lesson 2,common,adj.常见的;普遍的;共有的
第14天 Unit 4 Lesson 2,ordinary,"adj.普通的;平凡的;平庸的,平淡无奇的"
第14天 Unit 4 Lesson 2,coordinate,v.(使)协调;搭配
第14天 Unit 4 Lesson 2,generate,v.产生;引起
第14天 Unit 4 Lesson 2,generation,"n.一代,一代人;产生"
第14天 Unit 4 Lesson 2,inherit,v.继承;经遗传获得;接替
第14天 Unit 4 Lesson 2,inherent,"adj.内在的,固有的"
第14天 Unit 4 Lesson 2,heritage,n.遗产
第14天 Unit 4 Lesson 2,generous,"adj.慷慨的,大方的;丰富的"
第14天 Unit 4 Lesson 2,grocery,n.食品杂货店
第14天 Unit 4 Lesson 2,territory,"n.领土,领地;领域,范围"
第14天 Unit 4 Lesson 2,nursery,"n.托儿所,幼儿园;儿童房;婴儿室"
第14天 Unit 4 Lesson 2,gallery,"n.美术馆,画廊"
第14天 Unit 4 Lesson 2,scenery,"n.风景,景色"
第14天 Unit 4 Lesson 2,scene,"n.景色;场面,情景;地点,现场"
第14天 Unit 4 Lesson 2,*scenic,adj.风景优美的
第14天 Unit 4 Lesson 2,wander,"v.漫游,闲逛"
第14天 Unit 4 Lesson 2,idle,v.虚度;闲逛 adj.懒惰的;无所事事的;闲散的
第14天 Unit 4 Lesson 2,rise,"n.上涨,提高;增强 v.上升;提高;升起;起身"
第14天 Unit 4 Lesson 2,arise,v.出现;(由……)引起;起来
第14天 Unit 4 Lesson 2,arouse,v.引起;唤醒
第14天 Unit 4 Lesson 2,raise,v.举起;提高;引起;提出;抚养 n.加薪
第14天 Unit 4 Lesson 2,set,"v.落下;放,置;树立 n.一组,一套"
第14天 Unit 4 Lesson 2,dawn,n.黎明;开端 v.破晓;开始
第14天 Unit 4 Lesson 2,evoke,"v.引起,唤起(感情、记忆或形象)"
第14天 Unit 4 Lesson 2,foster,"v.培养,促进;抚育,照料"
第14天 Unit 4 Lesson 2,breed,"v.饲养,繁殖;培养,养育"
第14天 Unit 4 Lesson 2,feed,v.喂养;供给;养活
第14天 Unit 4 Lesson 2,*feedback,n.反馈(意见或信息)
第14天 Unit 4 Lesson 2,cultivate,"v.培育,培养;开垦,耕作"
第14天 Unit 4 Lesson 2,praise,"v./n.表扬,称赞"
第14天 Unit 4 Lesson 2,comprise,v.包括;由……组成
第14天 Unit 4 Lesson 2,applause,"n.掌声;鼓掌,喝彩"
第14天 Unit 4 Lesson 2,prize,"n.奖品;奖金 v.珍视,高度重视"
第14天 Unit 4 Lesson 2,enterprise,n.企业;事业
第14天 Unit 4 Lesson 2,*enterprising,adj.有事业心的;有进取心的;有创业精神的
第14天 Unit 4 Lesson 2,medal,"n.奖牌,奖章;勋章"
第14天 Unit 4 Lesson 2,award,"v.授予;给予奖励 n.奖金,奖品"
第14天 Unit 4 Lesson 2,reward,n.报酬;回报 v.奖励;奖赏
第14天 Unit 4 Lesson 2,blame,"v.责备,责怪 n.责备;责任"
第14天 Unit 4 Lesson 2,quarrel,"v./n.吵架,争吵"
第14天 Unit 4 Lesson 2,scold,"v.责骂,训斥"
第14天 Unit 4 Lesson 2,accuse,"v.控诉,控告;谴责"
第14天 Unit 4 Lesson 2,*accusation,"n.控告,指控;谴责"
第14天 Unit 4 Lesson 2,journey,n.(尤指长途)旅行;历程
第14天 Unit 4 Lesson 2,tour,"n.旅行,观光 v.在……旅游;在……巡回演出"
第14天 Unit 4 Lesson 2,*tourist,"n.旅游者,观光者,游客"
第14天 Unit 4 Lesson 2,*tourism,n.旅游业;旅游观光
第14天 Unit 4 Lesson 2,vacation,n.度假;假期 v.度假;休假
第14天 Unit 4 Lesson 2,vocation,"n.工作,职业;生活方式"
第14天 Unit 4 Lesson 2,*vocational,adj.职业的;业务知识的
第14天 Unit 4 Lesson 2,trip,"n.旅游,旅行"
第14天 Unit 4 Lesson 2,sight,n.视力;看见;视野;景象 v.看见;发现
第14天 Unit 4 Lesson 2,sightseeing,"n.观光,游览"
第14天 Unit 4 Lesson 2,eyesight,"n.视力,视野"
第14天 Unit 4 Lesson 2,insight,"n.洞察力,领悟,洞悉;了解"
第14天 Unit 4 Lesson 2,hear,"v.听见,听到;听说,得知"
第14天 Unit 4 Lesson 2,blind,"adj.失明的;视而不见的,盲目的 v.使失明"
第14天 Unit 4 Lesson 2,deaf,adj.聋的;失聪的;对……充耳不闻的
第15天 Unit 4 Lesson 3,,
第15天 Unit 4 Lesson 3,prove,"v.证明,证实;显示"
第15天 Unit 4 Lesson 3,approve,"v.批准;赞成,同意;认可"
第15天 Unit 4 Lesson 3,*approval,n.赞成;批准
第15天 Unit 4 Lesson 3,disapprove,"v.反对,否决"
第15天 Unit 4 Lesson 3,agree,"v.同意,赞成;与……一致;商定"
第15天 Unit 4 Lesson 3,*agreement,"n.同意,一致;协议,合同"
第15天 Unit 4 Lesson 3,disagree,"v.不同意,有分歧;不一致"
第15天 Unit 4 Lesson 3,proof,"n.证据,证明"
第15天 Unit 4 Lesson 3,improve,v.改进;改善
第15天 Unit 4 Lesson 3,*improvement,n.改进;改善
第15天 Unit 4 Lesson 3,enhance,v.提高;增强
第15天 Unit 4 Lesson 3,further,"adj.更多的;更进一步的 adv.较远,更远 v.促进"
第15天 Unit 4 Lesson 3,grow,v.种植;(使)生长;长大;扩大;增加;渐渐变得
第15天 Unit 4 Lesson 3,*growth,n.生长;长成;增加
第15天 Unit 4 Lesson 3,elevate,"v.提高,使升高;抬起;晋升;使情绪高昂"
第15天 Unit 4 Lesson 3,elevator,n.电梯
第15天 Unit 4 Lesson 3,lift,n.电梯;提;上升;搭便车 v.(被)举起;鼓舞
第15天 Unit 4 Lesson 3,obvious,"adj.明显的,显然的;平淡无奇的"
第15天 Unit 4 Lesson 3,*obviously,"adv.显然,明显地"
第15天 Unit 4 Lesson 3,apparent,adj.显然的;表面上的;貌似的
第15天 Unit 4 Lesson 3,*apparently,adv.看来;显然
第15天 Unit 4 Lesson 3,transparent,"adj.透明的;易看穿的,易懂的"
第15天 Unit 4 Lesson 3,evident,adj.明显的;明白的
第15天 Unit 4 Lesson 3,*evidently,"adv.明显地,显然地"
第15天 Unit 4 Lesson 3,evidence,"n.证据;(法庭)证物,证词"
第15天 Unit 4 Lesson 3,assist,v.帮助;协助;援助
第15天 Unit 4 Lesson 3,*assistance,"n.帮助,援助"
第15天 Unit 4 Lesson 3,assistant,n.助手;店员;售货员
第15天 Unit 4 Lesson 3,aid,"v./n.帮助,援助"
第15天 Unit 4 Lesson 3,insist,v.坚持;坚持;坚决要求
第15天 Unit 4 Lesson 3,persist,v.坚持;继续存在
第15天 Unit 4 Lesson 3,*persistent,adj.坚持不懈的;持续的
第15天 Unit 4 Lesson 3,resist,v.抵抗;抵制;阻挡
第15天 Unit 4 Lesson 3,*resistant,adj.抵抗的;抗……的
第15天 Unit 4 Lesson 3,resistance,n.反对;抵制;反抗
第15天 Unit 4 Lesson 3,consist,"v.由……组成,构成"
第15天 Unit 4 Lesson 3,consistent,"adj.一贯的,一致的;连续的"
第15天 Unit 4 Lesson 3,*consistently,"adv.一致地,一贯地"
第15天 Unit 4 Lesson 3,*inconsistent,adj.不一致的
第15天 Unit 4 Lesson 3,ongoing,"adj.继续进行的,不断发展的"
第15天 Unit 4 Lesson 3,instant,"n.瞬间,顷刻 adj.立即的;迅速的"
第15天 Unit 4 Lesson 3,*instantly,"adv.立刻地,马上地"
第15天 Unit 4 Lesson 3,instance,"n.例子,实例 v.举……为例"
第15天 Unit 4 Lesson 3,sample,n.样品;样本 v.抽样调查
第15天 Unit 4 Lesson 3,quote,v.引用;引述 n.引语;引文
第15天 Unit 4 Lesson 3,*quotation,"n.引语,引文;引用,引述"
第15天 Unit 4 Lesson 3,constant,"adj.不断的;重复的;固定的,不变的"
第15天 Unit 4 Lesson 3,*constantly,adv.连续不断地
第15天 Unit 4 Lesson 3,distant,adj.有距离的;遥远的;不同的
第15天 Unit 4 Lesson 3,distance,"n.距离;远处,远方"
第15天 Unit 4 Lesson 3,substance,n.物质;实质;主旨
第15天 Unit 4 Lesson 3,*substantial,adj.大量的;牢固的
第15天 Unit 4 Lesson 3,standard,"n.标准,水平 adj.标准的"
第15天 Unit 4 Lesson 3,*standardise/-ize,v.使标准化;使符合标准
第15天 Unit 4 Lesson 3,*standardisation/-ization,n.标准化;统一化
第15天 Unit 4 Lesson 3,substitute,"n.替代品;替代者 v.(以……)代替,取代"
第15天 Unit 4 Lesson 3,institute,n.学院;学会;协会
第15天 Unit 4 Lesson 3,institution,n.机构;制度
第15天 Unit 4 Lesson 3,constitution,n.宪法;章程
第15天 Unit 4 Lesson 3,*constitute,"v.构成,组成;设立"
第15天 Unit 4 Lesson 3,situation,n.形势;情况;局面
第15天 Unit 4 Lesson 3,object,"n.对象;物品,东西 v.反对"
第15天 Unit 4 Lesson 3,*objection,n.反对(的理由);异议
第15天 Unit 4 Lesson 3,*objective,adj.客观的 n.目的;目标
第15天 Unit 4 Lesson 3,inject,v.(给……)注射(药物等);投入
第15天 Unit 4 Lesson 3,*injection,n.注射;大量资金的投入;注入
第15天 Unit 4 Lesson 3,against,"prep.反对,逆;违反;紧靠"
第15天 Unit 4 Lesson 3,subject,n.主题;科目 v.使屈服;使服从
第15天 Unit 4 Lesson 3,project,"n.计划,方案;项目"
第15天 Unit 4 Lesson 3,reject,v.拒绝;排斥
第15天 Unit 4 Lesson 3,refuse,"v.拒绝,回绝"
第15天 Unit 4 Lesson 3,deny,v.否认;拒绝
第15天 Unit 4 Lesson 3,confuse,v.使迷惑;使糊涂;混淆
第15天 Unit 4 Lesson 3,*confusion,n.不确定;困惑;混淆
第15天 Unit 4 Lesson 3,cast,v.投;抛;投射(光等) n.投;抛;全体演员
第16天 Unit 4 Lesson 4,,
第16天 Unit 4 Lesson 4,suffer,"v.(因疾病、痛苦等)受苦,受折磨;遭受,忍受"
第16天 Unit 4 Lesson 4,*suffering,n.疼痛;痛苦;折磨
第16天 Unit 4 Lesson 4,endure,v.忍受;持续
第16天 Unit 4 Lesson 4,*endurance,"n.忍耐力,耐久力"
第16天 Unit 4 Lesson 4,tolerate,v.容忍;忍受;容许
第16天 Unit 4 Lesson 4,*tolerant,adj.容忍的;宽容的
第16天 Unit 4 Lesson 4,tolerance,n.容忍;宽容
第16天 Unit 4 Lesson 4,infer,v.推测;推论
第16天 Unit 4 Lesson 4,*inference,n.推断;推理;推论
第16天 Unit 4 Lesson 4,differ,"v.不同,相异"
第16天 Unit 4 Lesson 4,different,"adj.不同的,有差异的"
第16天 Unit 4 Lesson 4,difference,"n.差别,不同;变化"
第16天 Unit 4 Lesson 4,conference,"n.会议,商讨会"
第16天 Unit 4 Lesson 4,fertile,adj.肥沃的;能结果的
第16天 Unit 4 Lesson 4,*fertiliser/-izer,"n.肥料,化肥"
第16天 Unit 4 Lesson 4,field,n.田;地;领域;实地;野外
第16天 Unit 4 Lesson 4,prefer,v.更喜欢
第16天 Unit 4 Lesson 4,*preferable,adj.更可取的;较合适的
第16天 Unit 4 Lesson 4,preference,n.偏好;爱好
第16天 Unit 4 Lesson 4,refer,v.提到;涉及
第16天 Unit 4 Lesson 4,reference,n.提及;参考;查询
第16天 Unit 4 Lesson 4,consult,v.咨询;查阅
第16天 Unit 4 Lesson 4,*consultant,n.顾问
第16天 Unit 4 Lesson 4,insult,n.辱骂;侮辱;冒犯 v.侮辱;冒犯
第16天 Unit 4 Lesson 4,mention,"v./n.提及,说起"
第16天 Unit 4 Lesson 4,dimension,n.维度;范围;规模;尺寸
第16天 Unit 4 Lesson 4,column,"n.柱,圆柱;专栏"
第16天 Unit 4 Lesson 4,dim,"adj.昏暗的;朦胧的;模糊的,不清楚的"
第16天 Unit 4 Lesson 4,district,"n.区;地区,区域"
第16天 Unit 4 Lesson 4,area,n.地区;区域;领域;面积
第16天 Unit 4 Lesson 4,goal,n.目标;球门;进球得分
第16天 Unit 4 Lesson 4,target,n.目标 v.以……为目标;瞄准
第16天 Unit 4 Lesson 4,aim,"n.目标,目的;瞄准 v.目的是;旨在;瞄准"
第16天 Unit 4 Lesson 4,destination,"n.目的地,终点"
第16天 Unit 4 Lesson 4,post,"n.邮政;邮件;职位,岗位 v.邮寄;张贴"
第16天 Unit 4 Lesson 4,*poster,n.招贴画;海报
第16天 Unit 4 Lesson 4,*postman,n.邮递员;邮差
第16天 Unit 4 Lesson 4,*postage,n.邮费;邮资
第16天 Unit 4 Lesson 4,*postcard,n.明信片
第16天 Unit 4 Lesson 4,terminal,n.航站楼;终点站 adj.终点的;晚期的;不治的
第16天 Unit 4 Lesson 4,*terminate,v.(使)终止
第16天 Unit 4 Lesson 4,attempt,"v.尝试,试图 n.试图;努力"
第16天 Unit 4 Lesson 4,temptation,"n.诱惑,引诱"
第16天 Unit 4 Lesson 4,*tempt,"v.引诱,诱惑"
第16天 Unit 4 Lesson 4,delay,n.延期;延误 v.延期;推迟
第16天 Unit 4 Lesson 4,postpone,v.延迟;延期
第16天 Unit 4 Lesson 4,price,n.价格;价钱;代价 v.给……定价
第16天 Unit 4 Lesson 4,precious,adj.珍贵的;珍稀的
第16天 Unit 4 Lesson 4,appreciate,v.重视;欣赏;感激
第16天 Unit 4 Lesson 4,appreciation,n.欣赏;感激
第16天 Unit 4 Lesson 4,treasure,"n.金银财宝,财富;珍宝;心肝宝贝 v.珍惜,珍视"
第16天 Unit 4 Lesson 4,value,"n.价值;用途,积极作用 v.重视;给……估价"
第16天 Unit 4 Lesson 4,valuable,"adj.有价值的,贵重的;很有用的"
第16天 Unit 4 Lesson 4,*invaluable,"adj.极宝贵的,无价的"
第16天 Unit 4 Lesson 4,evaluate,"v.评价,评估"
第16天 Unit 4 Lesson 4,*evaluation,"n.评价,估计"
第16天 Unit 4 Lesson 4,afford,v.买得起;承担得起(后果);提供
第16天 Unit 4 Lesson 4,*affordable,adj.便宜的;买得起的
第16天 Unit 4 Lesson 4,expense,"n.费用,花费"
第16天 Unit 4 Lesson 4,*expensive,adj.昂贵的;价格高的
第16天 Unit 4 Lesson 4,expenditure,"n.支出,花费;消耗"
第16天 Unit 4 Lesson 4,expend,"v.支出,花费;消耗"
第16天 Unit 4 Lesson 4,spend,"v.花费;度过,消磨(时光);用尽,消耗"
第16天 Unit 4 Lesson 4,*spending,"n.开支,花销"
第16天 Unit 4 Lesson 4,expand,"v.扩大;增加;扩展,发展"
第16天 Unit 4 Lesson 4,*expansion,"n.扩大,扩张;扩展"
第16天 Unit 4 Lesson 4,*expansive,adj.广阔的;辽阔的;浩瀚的;广泛的
第16天 Unit 4 Lesson 4,worth,adj.值……钱;值得 n.价值
第16天 Unit 4 Lesson 4,*worthy,adj.值得……的
第16天 Unit 4 Lesson 4,worthless,"adj.无价值的,无用的"
第16天 Unit 4 Lesson 4,worthwhile,adj.值得的;值得花时间(或花钱、努力等)的
第16天 Unit 4 Lesson 4,cost,"v.花费,价钱为;使丧失 n.费用;代价;成本"
第16天 Unit 4 Lesson 4,*costly,adj.昂贵的
第17天 Unit 5 Lesson 1,,
第17天 Unit 5 Lesson 1,tend,v.趋向于;往往会
第17天 Unit 5 Lesson 1,tendency,n.倾向;趋势
第17天 Unit 5 Lesson 1,trend,n.倾向;趋势
第17天 Unit 5 Lesson 1,extend,v.延长;伸出;延伸;伸展
第17天 Unit 5 Lesson 1,*extensive,adj.广阔的;大量的;广泛的
第17天 Unit 5 Lesson 1,extension,"n.扩大;延长,延伸;延期,延长期"
第17天 Unit 5 Lesson 1,extended,adj.延长了的;扩展了的
第17天 Unit 5 Lesson 1,extent,n.程度;范围
第17天 Unit 5 Lesson 1,stretch,v.伸展;伸出;延伸 n.伸展
第17天 Unit 5 Lesson 1,intend,"v.打算,想要;意指"
第17天 Unit 5 Lesson 1,intention,"n.打算,意图,目的"
第17天 Unit 5 Lesson 1,pretend,"v.假装,佯装;装扮"
第17天 Unit 5 Lesson 1,attend,"v.出席,参加;照顾;注意,专心"
第17天 Unit 5 Lesson 1,*attendant,n.随从;服务员 adj.伴随的
第17天 Unit 5 Lesson 1,*attendance,"n.出席,参加"
第17天 Unit 5 Lesson 1,participate,"v.参加,参与"
第17天 Unit 5 Lesson 1,*participant,n.参与者
第17天 Unit 5 Lesson 1,participation,"n.参加,参与"
第17天 Unit 5 Lesson 1,anticipate,v.期望;预料;预计
第17天 Unit 5 Lesson 1,*anticipation,n.预期;预料
第17天 Unit 5 Lesson 1,posture,"n.姿势;态度,立场"
第17天 Unit 5 Lesson 1,position,n.位置;处境;地位 v.使处于;安置
第17天 Unit 5 Lesson 1,expose,v.暴露;揭露;使接触
第17天 Unit 5 Lesson 1,*exposure,n.暴露;揭发;亮相
第17天 Unit 5 Lesson 1,compose,"v.组成,构成;作曲;撰写"
第17天 Unit 5 Lesson 1,*composer,n.作曲家;创作者
第17天 Unit 5 Lesson 1,component,n.组成部分;成分
第17天 Unit 5 Lesson 1,composition,"n.成分,构成;作文;作品;作曲"
第17天 Unit 5 Lesson 1,dispose,v.布置;排列;安排;处理;使倾向于
第17天 Unit 5 Lesson 1,deposit,n.押金;存款;沉积物 v.放下;寄放
第17天 Unit 5 Lesson 1,suppose,v.假设;认为;推断
第17天 Unit 5 Lesson 1,oppose,"v.反对,对抗"
第17天 Unit 5 Lesson 1,*opposition,n.(强烈的)反对
第17天 Unit 5 Lesson 1,opponent,"n.对手,竞争者"
第17天 Unit 5 Lesson 1,opposite,"adj.相反的,不同的;对面的"
第17天 Unit 5 Lesson 1,impose,v.将……强加于;强制实行;勉强
第17天 Unit 5 Lesson 1,tax,"n.税,税款 v.征税"
第17天 Unit 5 Lesson 1,purpose,n.意图;目的
第17天 Unit 5 Lesson 1,positive,"adj.乐观的,积极的;良好的;阳性的"
第17天 Unit 5 Lesson 1,optimistic,adj.乐观(主义)的
第17天 Unit 5 Lesson 1,*optimism,n.乐观;乐观主义
第17天 Unit 5 Lesson 1,negative,"adj.消极的,负面的;否定的;有害的"
第17天 Unit 5 Lesson 1,neglect,"n./v.忽略,忽视"
第17天 Unit 5 Lesson 1,ignore,v.忽视;不予理睬
第17天 Unit 5 Lesson 1,*ignorance,n.无知
第17天 Unit 5 Lesson 1,*ignorant,adj.无知的;粗鲁的
第17天 Unit 5 Lesson 1,passive,adj.被动的;消极的
第17天 Unit 5 Lesson 1,passion,"n.激情,热情;酷爱"
第17天 Unit 5 Lesson 1,passionate,"adj.热情的,情绪激昂的"
第17天 Unit 5 Lesson 1,enthusiasm,n.热情;热忱;热心
第17天 Unit 5 Lesson 1,enthusiastic,"adj.热情的,热心的"
第17天 Unit 5 Lesson 1,propose,"v.提议,建议;计划;求婚"
第17天 Unit 5 Lesson 1,*proposal,"n.提议,建议;求婚"
第17天 Unit 5 Lesson 1,suggest,v.建议;推荐;表明;暗示
第17天 Unit 5 Lesson 1,*suggestion,n.建议;暗示;迹象
第17天 Unit 5 Lesson 1,advice,"n.劝告,忠告;建议"
第17天 Unit 5 Lesson 1,advise,"v.劝告,忠告;建议"
第17天 Unit 5 Lesson 1,*advisor/-ser,n.顾问;忠告者
第17天 Unit 5 Lesson 1,*advisable,"adj.可取的,明智的"
第17天 Unit 5 Lesson 1,recommend,v.推荐;介绍;劝告;建议
第17天 Unit 5 Lesson 1,*recommendation,"n.正式建议,提议;推荐;介绍;推荐信"
第18天 Unit 5 Lesson 2,,
第18天 Unit 5 Lesson 2,baggage,n.行李
第18天 Unit 5 Lesson 2,luggage,n.行李(箱)
第18天 Unit 5 Lesson 2,package,n.小包;包裹 v.把……包装好;包装成
第18天 Unit 5 Lesson 2,pack,"v.打包;收拾(行李) n.纸包,纸盒;一捆"
第18天 Unit 5 Lesson 2,packet,n.(商品的)小包装纸袋;(邮政)小件包裹
第18天 Unit 5 Lesson 2,parcel,n.包裹;小包 v.包;打包
第18天 Unit 5 Lesson 2,genuine,adj.真(正)的;真诚的
第18天 Unit 5 Lesson 2,*genuinely,adv.真(正)地;真诚地;真心地
第18天 Unit 5 Lesson 2,truly,"adv.真诚地,诚恳地;准确地;确实地"
第18天 Unit 5 Lesson 2,truth,"n.事实,真相,实情;真理"
第18天 Unit 5 Lesson 2,indeed,"adv.真正地,确实;实际上"
第18天 Unit 5 Lesson 2,false,"adj.假的,伪造的;错误的"
第18天 Unit 5 Lesson 2,fake,adj.假的;伪造的 n.假货 v.伪造;假装
第18天 Unit 5 Lesson 2,charge,"n.收费;负责,掌管;指控 v.收费;起诉;充电"
第18天 Unit 5 Lesson 2,electricity,n.电;电流
第18天 Unit 5 Lesson 2,*electric,adj.电的;用电的;发电的
第18天 Unit 5 Lesson 2,electrical,"adj.电的,用电的"
第18天 Unit 5 Lesson 2,vague,"adj.模糊的,不清楚的"
第18天 Unit 5 Lesson 2,danger,n.危险;威胁
第18天 Unit 5 Lesson 2,endanger,v.使遭受危险;危害
第18天 Unit 5 Lesson 2,dangerous,adj.(有)危险的
第18天 Unit 5 Lesson 2,risk,"n.危险,风险 v.使遭受危险"
第18天 Unit 5 Lesson 2,rid,v.摆脱;丢弃;除掉 adj.摆脱的;去掉的
第18天 Unit 5 Lesson 2,ripe,adj.熟的;时机成熟的
第18天 Unit 5 Lesson 2,challenge,n.挑战;艰巨任务 v.挑战;对……怀疑(或质疑)
第18天 Unit 5 Lesson 2,gesture,n.手势;姿势 v.做手势;用动作示意
第18天 Unit 5 Lesson 2,digest,"n.摘要,概要;文摘;汇编 v.消化;领悟,理解"
第18天 Unit 5 Lesson 2,lag,v.滞后;落后于 n.(时间上的)间隔
第18天 Unit 5 Lesson 2,glory,n.荣誉;荣耀;赞美;辉煌
第18天 Unit 5 Lesson 2,glorious,"adj.光荣的,辉煌的;壮丽的"
第18天 Unit 5 Lesson 2,hono(u)r,n.荣誉;荣幸 v.尊敬;给……荣誉
第18天 Unit 5 Lesson 2,*hono(u)rable,adj.可敬的;高尚的
第18天 Unit 5 Lesson 2,finger,n.手指 v.用手指触摸
第18天 Unit 5 Lesson 2,heel,n.脚后跟;后跟
第18天 Unit 5 Lesson 2,kneel,v.跪下
第18天 Unit 5 Lesson 2,*knee,"n.膝,膝盖"
第18天 Unit 5 Lesson 2,figure,n.数字;人物;人影;身材 v.认为;计算
第18天 Unit 5 Lesson 2,dig,"v.挖,掘;掘得"
第18天 Unit 5 Lesson 2,condition,n.条件;状态;状况
第18天 Unit 5 Lesson 2,air,"conditioner n.空调机,空调设备"
第18天 Unit 5 Lesson 2,glance,"n.一瞥,扫视,匆匆一看 v.瞥一眼,扫视"
第18天 Unit 5 Lesson 2,stare,"v.凝视,盯着看"
第18天 Unit 5 Lesson 2,glimpse,"n.一瞥,一看 v.瞥见;看一眼"
第18天 Unit 5 Lesson 2,scan,v.细看;扫描;审视 n.浏览;扫描检查
第18天 Unit 5 Lesson 2,overlook,v.俯视;忽略
第18天 Unit 5 Lesson 2,outlook,n.观点;前景;景色
第18天 Unit 5 Lesson 2,lead,v.引领;导致 n.榜样 n.铅(笔芯)
第18天 Unit 5 Lesson 2,*leader,n.领导人;首领
第18天 Unit 5 Lesson 2,*leadership,n.领导;领导地位
第18天 Unit 5 Lesson 2,*leading,adj.最重要的;一流的;领先的
第18天 Unit 5 Lesson 2,mislead,v.误导;引入歧途;使误信
第18天 Unit 5 Lesson 2,register,v.登记;注册 n.登记表;注册簿
第18天 Unit 5 Lesson 2,*registration,n.登记;注册
第18天 Unit 5 Lesson 2,ceremony,"n.仪式,典礼"
第18天 Unit 5 Lesson 2,engage,v.吸引住(注意力、兴趣);雇用;使参与
第18天 Unit 5 Lesson 2,*engagement,"n.订婚;约会,约定"
第18天 Unit 5 Lesson 2,marry,v.嫁;娶;与……结婚
第18天 Unit 5 Lesson 2,marriage,n.结婚;婚姻
第18天 Unit 5 Lesson 2,married,"adj.已婚的;结婚的,婚姻的"
第18天 Unit 5 Lesson 2,spouse,n.配偶
第18天 Unit 5 Lesson 2,couple,n.一对;几个;夫妻;情侣 v.连接;结合
第18天 Unit 5 Lesson 2,double,adj.两倍的 adv.成双地 v.(使)加倍
第18天 Unit 5 Lesson 2,divorce,n./v.离婚;分离
第18天 Unit 5 Lesson 2,boundary,"n.边界,界限;分界线"
第18天 Unit 5 Lesson 2,border,n.国界;边界 v.与……接壤
第18天 Unit 5 Lesson 2,order,"n.命令;订购;次序;点菜 v.命令;订购;组织,点菜"
第18天 Unit 5 Lesson 2,edge,n.边缘;刀口;优势
第18天 Unit 5 Lesson 2,margin,"n.边缘;利润(率);极限;白边,页边空白处"
第18天 Unit 5 Lesson 2,horizon,n.地平线;范围;眼界
第19天 Unit 5 Lesson 3,,
第19天 Unit 5 Lesson 3,create,"v.创造,创建;造成,引起"
第19天 Unit 5 Lesson 3,creative,"adj.创造性的,有创造力的"
第19天 Unit 5 Lesson 3,creativity,n.创造力
第19天 Unit 5 Lesson 3,creature,n.生物;动物
第19天 Unit 5 Lesson 3,concrete,adj.具体的;实在的 n.混凝土
第19天 Unit 5 Lesson 3,species,n.物种;种类
第19天 Unit 5 Lesson 3,organism,n.有机体;生物
第19天 Unit 5 Lesson 3,organic,adj.有机的;器官的
第19天 Unit 5 Lesson 3,*organ,n.(人体或动植物的)器官;(官方的)机构;风琴
第19天 Unit 5 Lesson 3,organise/-ize,"v.组织,安排;使有条理"
第19天 Unit 5 Lesson 3,*organisation/-ization,"n.团体,机构;组织"
第19天 Unit 5 Lesson 3,human,n.人 adj.人的
第19天 Unit 5 Lesson 3,*humanity,n.人(总称);人性;人文学科
第19天 Unit 5 Lesson 3,humo(u)r,"n.诙谐;幽默,幽默感"
第19天 Unit 5 Lesson 3,*humorous,"adj.幽默的,滑稽的,诙谐的"
第19天 Unit 5 Lesson 3,male,n.男子;雄性植物(动物) adj.男性的;雄性的
第19天 Unit 5 Lesson 3,female,n.女子;雌性植物(动物) adj.女性的;雌性的
第19天 Unit 5 Lesson 3,hen,n.母鸡;雌禽
第19天 Unit 5 Lesson 3,mankind,n.人类
第19天 Unit 5 Lesson 3,childhood,n.童年;孩童时期
第19天 Unit 5 Lesson 3,youth,"n.青年,年轻人;青少年时期;青春"
第19天 Unit 5 Lesson 3,beyond,prep.超出;在……的那边 adv.在另一边
第19天 Unit 5 Lesson 3,adolescent,n.青少年
第19天 Unit 5 Lesson 3,adult,n.成年人(或动物) adj.成年的;成人的
第19天 Unit 5 Lesson 3,infant,n.婴儿;幼儿
第19天 Unit 5 Lesson 3,elder,adj.年纪较长的 n.长者;长辈
第19天 Unit 5 Lesson 3,*elderly,"adj.年纪较大的,上年纪的"
第19天 Unit 5 Lesson 3,individual,adj.单独的;个别的 n.个人;个体
第19天 Unit 5 Lesson 3,divide,"v.(使)分开;分配;分担 n.不同,分歧"
第19天 Unit 5 Lesson 3,*division,n.分开;分配;差异
第19天 Unit 5 Lesson 3,folk,n.人们;亲属 adj.民间的
第19天 Unit 5 Lesson 3,person,n.人
第19天 Unit 5 Lesson 3,personal,adj.个人的;人际的;个性的;亲自的
第19天 Unit 5 Lesson 3,personnel,"n.全体人员,职员;人事部门"
第19天 Unit 5 Lesson 3,staff,n.全体职员
第19天 Unit 5 Lesson 3,citizen,"n.公民;市民,居民"
第19天 Unit 5 Lesson 3,civil,adj.公民的;国民的;文明的;民用的
第19天 Unit 5 Lesson 3,civilisation/-ization,n.文明
第19天 Unit 5 Lesson 3,consider,v.仔细考虑;认为
第19天 Unit 5 Lesson 3,considerable,adj.相当多的;相当大的;相当重要的
第19天 Unit 5 Lesson 3,considerate,adj.考虑周到的;为(他人)着想的;体贴的
第19天 Unit 5 Lesson 3,*consideration,"n.仔细考虑,斟酌;考虑因素"
第19天 Unit 5 Lesson 3,conscious,adj.意识到的;有意识的;有意的
第19天 Unit 5 Lesson 3,consciousness,n.意识;知觉
第19天 Unit 5 Lesson 3,unconscious,adj.无意识的;昏迷的
第19天 Unit 5 Lesson 3,caution,"n.小心,谨慎 v.警告;提醒"
第19天 Unit 5 Lesson 3,*cautious,"adj.小心的,谨慎的"
第19天 Unit 5 Lesson 3,precaution,n.预防措施;防备
第19天 Unit 5 Lesson 3,alert,adj.警觉的;警惕的 v.使警觉 n.警戒;戒备
第19天 Unit 5 Lesson 3,aware,adj.知道;发觉;意识到
第19天 Unit 5 Lesson 3,awareness,n.认识;意识
第19天 Unit 5 Lesson 3,recognise/-ize,"v.认出,认识;承认;意识到"
第19天 Unit 5 Lesson 3,*recognition,n.认出;识别;认可
第19天 Unit 5 Lesson 3,cognitive,adj.认知的;感知的
第19天 Unit 5 Lesson 3,*cognition,n.认知;认识
第19天 Unit 5 Lesson 3,deliberate,"adj.故意的;深思熟虑的 v.仔细考虑,深思熟虑"
第19天 Unit 5 Lesson 3,*deliberately,adv.故意地
第19天 Unit 5 Lesson 3,liberate,v.使自由;解放;使摆脱约束(或限制)
第19天 Unit 5 Lesson 3,*liberation,n.解放
第19天 Unit 5 Lesson 3,liberal,adj.自由的;开明的;慷慨的 n.开明人士
第19天 Unit 5 Lesson 3,liberty,n.自由
第19天 Unit 5 Lesson 3,slave,n.奴隶
第19天 Unit 5 Lesson 3,*slavery,n.奴隶制度;奴隶身份
第19天 Unit 5 Lesson 3,save,v.拯救;保存;节省;免得
第19天 Unit 5 Lesson 3,*saving,"n.节约,节省;储蓄金,存款"
第19天 Unit 5 Lesson 3,assume,v.假设;认为;承担(责任)
第19天 Unit 5 Lesson 3,consume,v.消耗;消费;吃;喝
第19天 Unit 5 Lesson 3,*consumption,n.消费;消耗(量)
第19天 Unit 5 Lesson 3,consumer,n.消费者
第19天 Unit 5 Lesson 3,resume,v.重新开始;(中断后)继续
第19天 Unit 5 Lesson 3,*résumé,n.摘要;个人简历
第19天 Unit 5 Lesson 3,custom,"n.风俗,传统,习俗;习惯;光顾,惠顾"
第19天 Unit 5 Lesson 3,customer,n.顾客
第19天 Unit 5 Lesson 3,accustomed,adj.惯常的;习惯的
第19天 Unit 5 Lesson 3,customs,n.海关;关税
第19天 Unit 5 Lesson 3,tradition,n.传统
第19天 Unit 5 Lesson 3,*traditional,adj.传统的;守旧的
第19天 Unit 5 Lesson 3,convention,n.惯例;习俗;公约;大会
第19天 Unit 5 Lesson 3,conventional,adj.传统的;习惯的;常规的
第19天 Unit 5 Lesson 3,ancient,adj.古代的;古老的
第19天 Unit 5 Lesson 3,convenient,"adj.方便的,便利的"
第19天 Unit 5 Lesson 3,convenience,"n.方便,便利;方便的东西"
第19天 Unit 5 Lesson 3,handy,"adj.手边的,就近的;方便的"
第19天 Unit 5 Lesson 3,convince,"v.使相信;说服,劝说"
第19天 Unit 5 Lesson 3,*convincing,adj.令人信服的;有说服力的
第20天 Unit 5 Lesson 4,,
第20天 Unit 5 Lesson 4,law,"n.法律,法规;法学;规律"
第20天 Unit 5 Lesson 4,lawyer,n.律师
第20天 Unit 5 Lesson 4,legitimate,adj.正当合理的;合法的
第20天 Unit 5 Lesson 4,*legitimacy,n.合理性;合法性
第20天 Unit 5 Lesson 4,legal,adj.合法的;与法律有关的
第20天 Unit 5 Lesson 4,*illegal,"adj.非法的,违法的"
第20天 Unit 5 Lesson 4,item,n.条款;一件商品(或物品);项目
第20天 Unit 5 Lesson 4,obey,"v.遵守;服从,听从"
第20天 Unit 5 Lesson 4,valid,adj.(法律上)有效的;合理的
第20天 Unit 5 Lesson 4,solid,n.固体 adj.固体的;坚固的;可靠的
第20天 Unit 5 Lesson 4,liquid,n.液体 adj.液体的;液态的
第20天 Unit 5 Lesson 4,sentence,"n.句子;判决,宣判 v.判决,宣判"
第20天 Unit 5 Lesson 4,court,n.法庭;法院;球场
第20天 Unit 5 Lesson 4,crime,n.犯罪活动;罪行
第20天 Unit 5 Lesson 4,*criminal,"n.罪犯 adj.犯罪的,犯法的"
第20天 Unit 5 Lesson 4,discriminate,v.区分;辨别;歧视;偏袒
第20天 Unit 5 Lesson 4,*discrimination,n.区别对待;歧视;辨别力
第20天 Unit 5 Lesson 4,guilty,adj.感到内疚的;感到惭愧的;有罪责的
第20天 Unit 5 Lesson 4,*guilt,n.内疚;罪行
第20天 Unit 5 Lesson 4,innocent,"adj.清白的,无罪的;天真的 n.无辜者,单纯的人"
第20天 Unit 5 Lesson 4,*innocence,n.清白;天真
第20天 Unit 5 Lesson 4,pure,"adj.纯的,纯洁的;纯粹的"
第20天 Unit 5 Lesson 4,witness,n.目击者;证人 v.见证;目击
第20天 Unit 5 Lesson 4,steal,"v.偷窃,窃取"
第20天 Unit 5 Lesson 4,rob,"v.抢劫,抢夺,盗取;剥夺"
第20天 Unit 5 Lesson 4,*robber,"n.强盗,抢劫犯"
第20天 Unit 5 Lesson 4,*robbery,"n.盗窃;抢劫,掠夺"
第20天 Unit 5 Lesson 4,thief,"n.小偷,贼"
第20天 Unit 5 Lesson 4,chief,adj.主要的;最重要的;首席的 n.首领;领导人
第20天 Unit 5 Lesson 4,main,adj.主要的;最重要的
第20天 Unit 5 Lesson 4,*mainly,adv.主要地
第20天 Unit 5 Lesson 4,murder,"v./n.谋杀,凶杀"
第20天 Unit 5 Lesson 4,subtle,adj.不易察觉的;微妙的;敏锐的
第20天 Unit 5 Lesson 4,suicide,n.自杀
第20天 Unit 5 Lesson 4,prison,n.监狱;看守所;监禁;关押
第20天 Unit 5 Lesson 4,*prisoner,"n.囚犯,犯人"
第20天 Unit 5 Lesson 4,poison,"n.毒物,毒药 v.毒害"
第20天 Unit 5 Lesson 4,poisonous,adj.有毒的;有害的
第20天 Unit 5 Lesson 4,release,n.释放;发行;排放 v.释放;放开;发泄;发行
第20天 Unit 5 Lesson 4,jury,n.陪审团;(竞赛的)评判委员会
第20天 Unit 5 Lesson 4,victim,n.受害者;牺牲品
第20天 Unit 5 Lesson 4,sacrifice,n./v.牺牲
第20天 Unit 5 Lesson 4,execute,v.执行;处死
第20天 Unit 5 Lesson 4,*executive,n.经理;主管 adj.行政的;管理的
第20天 Unit 5 Lesson 4,penalty,"n.惩罚,处罚;刑罚"
第20天 Unit 5 Lesson 4,arrest,v./n.逮捕;拘留
第20天 Unit 5 Lesson 4,doctor,n.医生;博士
第20天 Unit 5 Lesson 4,hospital,n.医院
第20天 Unit 5 Lesson 4,clinic,n.诊所
第20天 Unit 5 Lesson 4,picnic,n./v.野餐
第20天 Unit 5 Lesson 4,disease,n.疾病;弊端
第20天 Unit 5 Lesson 4,fever,"n.发烧,发热"
第20天 Unit 5 Lesson 4,cancer,n.癌症;(社会)毒瘤;(迅速蔓延的)邪恶
第20天 Unit 5 Lesson 4,injure,"v.使受伤;伤害,损害"
第20天 Unit 5 Lesson 4,injury,"n.伤害,损伤"
第20天 Unit 5 Lesson 4,burn,"v.燃烧;灼伤;发光,发亮"
第20天 Unit 5 Lesson 4,wound,"n.创伤;伤口 v.使受伤,伤害"
第20天 Unit 5 Lesson 4,blood,"n.血,血液;血统"
第20天 Unit 5 Lesson 4,bleed,"v.流血,出血"
第20天 Unit 5 Lesson 4,treat,v.对待;把……看作;治疗;招待 n.款待;乐事
第20天 Unit 5 Lesson 4,*treatment,"n.处理;治疗,疗法"
第20天 Unit 5 Lesson 4,treaty,"n.条约,协定"
第20天 Unit 5 Lesson 4,remedy,n.处理方法;疗法;改进措施;补偿 v.改正;改进
第20天 Unit 5 Lesson 4,retreat,v./n.撤退;逃避
第21天 Unit 6 Lesson 1,,
第21天 Unit 6 Lesson 1,cure,"v.治愈,治好;改正 n.疗法;治疗"
第21天 Unit 6 Lesson 1,secure,adj.安全的;可靠的 v.(经过努力)获得;保护
第21天 Unit 6 Lesson 1,*security,n.安全;保护措施
第21天 Unit 6 Lesson 1,safe,adj.安全的;无危险的
第21天 Unit 6 Lesson 1,safety,n.安全;安全性;安全场所
第21天 Unit 6 Lesson 1,curious,adj.好奇的;奇特的;不寻常的
第21天 Unit 6 Lesson 1,*curiosity,n.好奇心;奇物
第21天 Unit 6 Lesson 1,careless,adj.粗心的;淡漠的;不关心的
第21天 Unit 6 Lesson 1,accurate,"adj.精确的,准确的"
第21天 Unit 6 Lesson 1,*accuracy,"n.精确度,准确性"
第21天 Unit 6 Lesson 1,concern,v.影响;涉及;使担忧 n.忧虑;关心
第21天 Unit 6 Lesson 1,*concerning,prep.关于;涉及 adj.令人担心的
第21天 Unit 6 Lesson 1,current,adj.当前的;通用的 n.(水)流;电流;趋向
第21天 Unit 6 Lesson 1,*currently,adv.现时;目前
第21天 Unit 6 Lesson 1,*currency,n.通货;货币;通用
第21天 Unit 6 Lesson 1,rent,"n.租金 v.租用,租借;出租"
第21天 Unit 6 Lesson 1,temporary,"adj.暂时的,临时的"
第21天 Unit 6 Lesson 1,temple,"n.庙宇,寺院;神殿"
第21天 Unit 6 Lesson 1,contemporary,"adj.现代的,当代的;同时期的 n.同龄人"
第21天 Unit 6 Lesson 1,modern,adj.现代的;当代的;时髦的
第21天 Unit 6 Lesson 1,up-to-date,adj.现代的;最新的;时髦的
第21天 Unit 6 Lesson 1,collect,"v.收集,采集;收藏;积累"
第21天 Unit 6 Lesson 1,*collection,n.收藏(品);集积
第21天 Unit 6 Lesson 1,collective,adj.集体的;共有的 n.集体企业
第21天 Unit 6 Lesson 1,gather,v.收集;聚集;增加
第21天 Unit 6 Lesson 1,together,"adv.共同,一起"
第21天 Unit 6 Lesson 1,altogether,adv.完全;总共;总之
第21天 Unit 6 Lesson 1,select,"v.选择,挑选;选拔 adj.精选的;优等的"
第21天 Unit 6 Lesson 1,*selection,n.选择
第21天 Unit 6 Lesson 1,elect,v.选举;推选;选择
第21天 Unit 6 Lesson 1,*election,"n.选举,推选"
第21天 Unit 6 Lesson 1,vote,"n.投票;选票,票 v.投票;表决"
第21天 Unit 6 Lesson 1,poll,n.民意调查;投票 v.获得(票数)
第21天 Unit 6 Lesson 1,lecture,n.演讲;讲座;教训 v.讲授
第21天 Unit 6 Lesson 1,intellectual,adj.智力的;理智的;有才智的 n.知识分子
第21天 Unit 6 Lesson 1,intelligent,"adj.有才智的,聪明的"
第21天 Unit 6 Lesson 1,*intelligence,n.智力;才智;情报
第21天 Unit 6 Lesson 1,smart,"adj.聪明的,精明的;智能的"
第21天 Unit 6 Lesson 1,wooden,adj.木制的;呆板的
第21天 Unit 6 Lesson 1,*wood,"n.木头;树林,林地"
第21天 Unit 6 Lesson 1,opt,"v.选择,挑选"
第21天 Unit 6 Lesson 1,option,n.选择;选项
第21天 Unit 6 Lesson 1,*optional,adj.可选择的;选修的
第21天 Unit 6 Lesson 1,choose,"v.选择,挑选;选取"
第21天 Unit 6 Lesson 1,choice,n.选择(权);被选中的人(或物)
第21天 Unit 6 Lesson 1,loyal,adj.忠诚的;忠实的
第21天 Unit 6 Lesson 1,*loyalty,"n.忠诚,忠心"
第21天 Unit 6 Lesson 1,faith,n.信任;信心;信仰;诚意
第21天 Unit 6 Lesson 1,faithful,"adj.忠诚的,忠实的;可信任的,可信赖的"
第21天 Unit 6 Lesson 1,*faithfully,"adv.忠诚地,忠实地"
第21天 Unit 6 Lesson 1,credit,"n.信用,信誉;贷款;学分"
第21天 Unit 6 Lesson 1,trust,n./v.相信;信任;信赖
第21天 Unit 6 Lesson 1,royal,"adj.皇家的,王室的 n.王室成员"
第21天 Unit 6 Lesson 1,noble,adj.贵族的;高贵的;崇高的 n.贵族成员
第21天 Unit 6 Lesson 1,cheat,v.欺骗;作弊
第21天 Unit 6 Lesson 1,deceive,v.欺骗
第21天 Unit 6 Lesson 1,perceive,v.将……理解为;注意到;意识到
第21天 Unit 6 Lesson 1,trick,"n.诡计;恶作剧;戏法;技巧,诀窍 v.欺骗"
第21天 Unit 6 Lesson 1,despite,"prep.尽管,即使"
第21天 Unit 6 Lesson 1,once,"conj.一旦 adv.一次,一回;曾经;一……就,一旦"
第21天 Unit 6 Lesson 1,infinite,adj.无限的;极大的 n.无限的事物
第21天 Unit 6 Lesson 1,refine,"v.精炼;提纯;改进,改善"
第21天 Unit 6 Lesson 1,fine,n.罚款 v.对……处以罚款 adj.很好的;身体好的
第21天 Unit 6 Lesson 1,define,"v.给……下定义,解释;阐明;界定"
第21天 Unit 6 Lesson 1,*definition,n.定义;解释
第21天 Unit 6 Lesson 1,definite,"adj.清楚的,明确的;确定的"
第21天 Unit 6 Lesson 1,indefinite,"adj.模糊不清的,不明确的;无限期的"
第21天 Unit 6 Lesson 1,delicate,"adj.易碎的,脆弱的;精致的;微妙的"
第21天 Unit 6 Lesson 1,dedicate,"v.致力于,献身于;献给"
第21天 Unit 6 Lesson 1,confine,"v.限定,限制,局限于"
第21天 Unit 6 Lesson 1,restrict,"v.限制,限定(数量、范围等);束缚;阻碍"
第21天 Unit 6 Lesson 1,*restriction,n.限制规定;限制
第21天 Unit 6 Lesson 1,strict,"adj.严厉的,严格的;精确的,严谨的"
第21天 Unit 6 Lesson 1,limit,"n.极限;限度,限制;界限 v.限制"
第21天 Unit 6 Lesson 1,*limitation,n.限制;局限(性)
第21天 Unit 6 Lesson 1,*limited,"adj.有限的,受限的"
第21天 Unit 6 Lesson 1,eliminate,v.排除;(比赛中)淘汰
第21天 Unit 6 Lesson 1,control,v.控制;掌管 n.控制权;控制(或操纵)能力
第21天 Unit 6 Lesson 1,harness,v.控制;利用 n.马具
第22天 Unit 6 Lesson 2,,
第22天 Unit 6 Lesson 2,democratic,adj.民主的;有民主精神的
第22天 Unit 6 Lesson 2,democracy,n.民主;民主精神
第22天 Unit 6 Lesson 2,catch,v.赶上;抓住;患(病等);领会;吸引住
第22天 Unit 6 Lesson 2,demonstrate,v.证明;论证;说明;示范;表现
第22天 Unit 6 Lesson 2,demonstration,n.游行示威;示范;证明
第22天 Unit 6 Lesson 2,reveal,"v.揭露,显示;展示"
第22天 Unit 6 Lesson 2,indicate,v.暗示;表明
第22天 Unit 6 Lesson 2,*indication,n.表明;显示;象征
第22天 Unit 6 Lesson 2,illustrate,"v.(用示例、图画等)说明,解释;加插图于"
第22天 Unit 6 Lesson 2,*illustration,n.图解;图示;插图
第22天 Unit 6 Lesson 2,imply,v.暗示;表明
第22天 Unit 6 Lesson 2,*implication,n.含意;可能的影响(或作用、结果)
第22天 Unit 6 Lesson 2,implicit,"adj.含蓄的,不直接言明的;内含的;完全的"
第22天 Unit 6 Lesson 2,explicit,adj.明确的;清楚的
第22天 Unit 6 Lesson 2,exchange,n./v.交换;交流;兑换
第22天 Unit 6 Lesson 2,change,"v.改变,变化;改换 n.改变,变化;零钱"
第22天 Unit 6 Lesson 2,experience,n.经历;经验 v.经历;经受;感受
第22天 Unit 6 Lesson 2,experiment,"n.实验 v.进行实验;尝试,试用"
第22天 Unit 6 Lesson 2,switch,n.开关;转变 v.转变;调换
第22天 Unit 6 Lesson 2,flexible,"adj.灵活的;柔韧的;有弹性的,可弯曲的"
第22天 Unit 6 Lesson 2,reflect,v.反射;反映;认真思考;表明
第22天 Unit 6 Lesson 2,*reflection,反射;反映;映像;深思
第22天 Unit 6 Lesson 2,stiff,adj.僵硬的;艰难的;激烈的;稠的
第22天 Unit 6 Lesson 2,rigid,adj.死板的;固执的;僵硬的
第22天 Unit 6 Lesson 2,flight,"n.航班,班机;飞行;航程"
第22天 Unit 6 Lesson 2,slight,adj.轻微的;少量的
第22天 Unit 6 Lesson 2,*slightly,adv.略微;稍微
第22天 Unit 6 Lesson 2,light,v.使明亮;点燃 n.光;电灯 adj.程度轻的
第22天 Unit 6 Lesson 2,lightning,n.闪电 adj.闪电般的;飞快的
第22天 Unit 6 Lesson 2,thunder,n.雷(声);轰隆声 v.打雷
第22天 Unit 6 Lesson 2,highlight,"v.突出,使显著 n.高光时刻;最精彩的部分"
第22天 Unit 6 Lesson 2,delight,n.高兴 v.使高兴
第22天 Unit 6 Lesson 2,*delighted,adj.高兴的
第22天 Unit 6 Lesson 2,sorrow,n.悲伤;伤心事 v.感到悲伤
第22天 Unit 6 Lesson 2,*sorrowful,"adj.悲伤的,悲痛的"
第22天 Unit 6 Lesson 2,pray,v.祈祷;恳求
第22天 Unit 6 Lesson 2,depend,v.依靠;信赖;取决于
第22天 Unit 6 Lesson 2,*dependent,"adj.依靠的,依赖的;取决于……"
第22天 Unit 6 Lesson 2,independent,adj.独立的;自主的;公正的;私营的
第22天 Unit 6 Lesson 2,*independence,n.独立;自主
第22天 Unit 6 Lesson 2,rely,"v.依靠,依赖;信赖"
第22天 Unit 6 Lesson 2,reliable,adj.可信赖的;可依靠的
第22天 Unit 6 Lesson 2,compensate,v.补偿;弥补
第22天 Unit 6 Lesson 2,*compensation,n.补偿物;(尤指)补偿金;赔偿
第22天 Unit 6 Lesson 2,desert,n.沙漠 v.抛弃;离弃
第22天 Unit 6 Lesson 2,insert,"v.插入,嵌进"
第22天 Unit 6 Lesson 2,section,n.部分;节;阶层;部门
第22天 Unit 6 Lesson 2,detect,v.发现;查明;侦察出
第22天 Unit 6 Lesson 2,*detection,n.侦查;探测;察觉
第22天 Unit 6 Lesson 2,*detective,n.侦探
第22天 Unit 6 Lesson 2,protect,v.保护;防护
第22天 Unit 6 Lesson 2,*protection,"n.保护,防卫;保护物"
第22天 Unit 6 Lesson 2,*protective,adj.保护的;防护的
第22天 Unit 6 Lesson 2,protest,n.抗议;反对 v.抗议;反对
第22天 Unit 6 Lesson 2,contest,n.竞争;比赛 v.争取赢得
第22天 Unit 6 Lesson 2,context,n.背景;上下文
第22天 Unit 6 Lesson 2,point,"n.点,得分;重点;观点;时刻;地点 v.指;对着"
第22天 Unit 6 Lesson 2,appoint,v.任命;安排;指派
第22天 Unit 6 Lesson 2,disappoint,v.使失望;使破灭
第22天 Unit 6 Lesson 2,*disappointing,adj.令人失望的
第22天 Unit 6 Lesson 2,disappointed,adj.失望的;沮丧的
第22天 Unit 6 Lesson 2,disgust,"n.厌恶,恶心,反感 v.使人厌恶,使人作呕"
第22天 Unit 6 Lesson 2,*disgusting,"adj.使人厌恶的,令人作呕的"
第22天 Unit 6 Lesson 2,transmit,v.传输;传播
第22天 Unit 6 Lesson 2,*transmission,n.传送;传播
第22天 Unit 6 Lesson 2,send,"v.发送,邮寄;派遣"
第22天 Unit 6 Lesson 2,omit,v.删除;忽略;遗漏;不做
第22天 Unit 6 Lesson 2,summit,n.最高点;顶峰;峰会
第22天 Unit 6 Lesson 2,submit,"v.提交,呈递;服从"
第22天 Unit 6 Lesson 2,*submission,n.屈服;提交
第22天 Unit 6 Lesson 2,dismiss,"v.不予考虑,驳回;摒除;解雇"
第22天 Unit 6 Lesson 2,*dismissal,"n.免职,解雇;不予考虑"
第22天 Unit 6 Lesson 2,mission,n.使命;任务
第22天 Unit 6 Lesson 2,emission,"n.(光、热、气等的)发出,排放;排放物"
第22天 Unit 6 Lesson 2,permit,"v.许可,允许 n.许可证"
第22天 Unit 6 Lesson 2,*permission,n.准许;许可;批准
第22天 Unit 6 Lesson 2,allow,v.允许;准许
第22天 Unit 6 Lesson 2,admit,v.承认;准许……进入
第22天 Unit 6 Lesson 2,*admission,n.承认;允许进入
第22天 Unit 6 Lesson 2,commit,"v.犯(罪或错等);承诺,保证;投入"
第22天 Unit 6 Lesson 2,commitment,n.承诺;保证;投入
第22天 Unit 6 Lesson 2,committee,n.委员会
第23天 Unit 6 Lesson 3,,
第23天 Unit 6 Lesson 3,solve,v.解决;处理;解答
第23天 Unit 6 Lesson 3,solution,n.答案;解决方法;溶液
第23天 Unit 6 Lesson 3,resolve,"v.决心,决定;解决"
第23天 Unit 6 Lesson 3,resolution,"n.决心,决定;解决"
第23天 Unit 6 Lesson 3,decide,v.决定;下决心
第23天 Unit 6 Lesson 3,*decision,"n.决定,抉择;决策"
第23天 Unit 6 Lesson 3,*decisive,adj.决定性的;果断的
第23天 Unit 6 Lesson 3,determination,n.决心;决定
第23天 Unit 6 Lesson 3,handle,"v.解决,处理 n.把手"
第23天 Unit 6 Lesson 3,tackle,"v.应付,处理,解决"
第23天 Unit 6 Lesson 3,deal,v.对付;对待 n.交易
第23天 Unit 6 Lesson 3,measure,n.措施 v.测量;度量
第23天 Unit 6 Lesson 3,*measurement,n.测量;度量
第23天 Unit 6 Lesson 3,cope,"v.对付,处理,解决"
第23天 Unit 6 Lesson 3,scope,n.范围;机会;能力
第23天 Unit 6 Lesson 3,range,n.一系列;范围 v.变化
第23天 Unit 6 Lesson 3,arrange,v.安排;筹备;整理;布置
第23天 Unit 6 Lesson 3,arrangement,n.安排;安排方式
第23天 Unit 6 Lesson 3,instinct,n.本能;直觉
第23天 Unit 6 Lesson 3,distinguish,"v.区分,辨别"
第23天 Unit 6 Lesson 3,*distinguished,adj.著名的
第23天 Unit 6 Lesson 3,distinct,adj.有区别的;清楚的
第23天 Unit 6 Lesson 3,*distinctly,adv.有区别地;清楚地
第23天 Unit 6 Lesson 3,*distinction,"n.区别,辨别"
第23天 Unit 6 Lesson 3,fame,"n.名气,名声,声誉"
第23天 Unit 6 Lesson 3,*famous,"adj.著名的,出名的"
第23天 Unit 6 Lesson 3,well-known,adj.出名的;为人熟知的
第23天 Unit 6 Lesson 3,reputation,"n.名誉,名声"
第23天 Unit 6 Lesson 3,esteem,n./v.尊重;敬重
第23天 Unit 6 Lesson 3,affect,"v.影响;侵袭,使感染"
第23天 Unit 6 Lesson 3,affection,n.喜爱;钟爱
第23天 Unit 6 Lesson 3,influence,"n.影响,作用 v.影响"
第23天 Unit 6 Lesson 3,*influential,adj.有影响的;有权势的
第23天 Unit 6 Lesson 3,impact,n./v.撞击;影响
第23天 Unit 6 Lesson 3,infect,v.传染;使感染
第23天 Unit 6 Lesson 3,*infectious,adj.传染性的
第23天 Unit 6 Lesson 3,infection,n.传染;感染;传染病
第23天 Unit 6 Lesson 3,immune,adj.有免疫力的
第23天 Unit 6 Lesson 3,effect,n.影响;效果
第23天 Unit 6 Lesson 3,effective,adj.有影响的;有效果的
第23天 Unit 6 Lesson 3,consequence,n.结果;后果
第23天 Unit 6 Lesson 3,*consequently,adv.因此;结果
第23天 Unit 6 Lesson 3,sequence,"n.一连串,一系列;顺序"
第23天 Unit 6 Lesson 3,perfect,adj.完美的 v.使完美
第23天 Unit 6 Lesson 3,ideal,adj.理想的 n.理想
第23天 Unit 6 Lesson 3,*idealistic,adj.理想主义的;空想的
第23天 Unit 6 Lesson 3,idea,"n.想法;概念,印象;意见"
第23天 Unit 6 Lesson 3,balance,v.(使)平衡 n.平衡
第23天 Unit 6 Lesson 3,parallel,n./adj.平行线(的) v.相似
第23天 Unit 6 Lesson 3,parade,n.游行;阅兵 v.游行
第23天 Unit 6 Lesson 3,efficient,adj.效率高的
第23天 Unit 6 Lesson 3,*efficiency,"n.效率,效能"
第23天 Unit 6 Lesson 3,sufficient,"adj.充足的,足够的"
第24天 Unit 6 Lesson 4,,
第24天 Unit 6 Lesson 4,artificial,"adj.人工的,人造的;虚假的"
第24天 Unit 6 Lesson 4,proficient,"adj.熟练的,精通的"
第24天 Unit 6 Lesson 4,plastic,n.塑料 adj.塑料的;可塑的
第24天 Unit 6 Lesson 4,facility,"n.设施,设备;天赋,才能"
第24天 Unit 6 Lesson 4,function,n.功能;职能 v.起作用;运转
第24天 Unit 6 Lesson 4,role,n.角色;作用
第24天 Unit 6 Lesson 4,equip,"v.装备,配备;使有所准备"
第24天 Unit 6 Lesson 4,equipment,"n.用具,设备;装备,配备"
第24天 Unit 6 Lesson 4,tool,"n.工具;手段,方法"
第24天 Unit 6 Lesson 4,instrument,"n.乐器;仪器,器具"
第24天 Unit 6 Lesson 4,violinist,n.小提琴手;小提琴演奏者
第24天 Unit 6 Lesson 4,material,"n.材料,原料;素材"
第24天 Unit 6 Lesson 4,hammer,n.锤子;榔头 v.锤打;敲打
第24天 Unit 6 Lesson 4,chat,"v./n.聊天,闲聊"
第24天 Unit 6 Lesson 4,claim,"v.声称;索取 n.声称,主张;索赔"
第24天 Unit 6 Lesson 4,exclaim,"v.呼喊,惊叫"
第24天 Unit 6 Lesson 4,proclaim,v.宣布;声明
第24天 Unit 6 Lesson 4,acclaim,"n.赞扬,高度评价 v.赞扬;为……喝彩"
第24天 Unit 6 Lesson 4,announce,v.宣布;通知;声称
第24天 Unit 6 Lesson 4,announcement,"n.通告,通知"
第24天 Unit 6 Lesson 4,pronounce,v.发音;读(音);宣布
第24天 Unit 6 Lesson 4,pronunciation,"n.发音,读音"
第24天 Unit 6 Lesson 4,spell,v.拼写
第24天 Unit 6 Lesson 4,*spelling,n.拼写;拼法
第24天 Unit 6 Lesson 4,dictionary,"n.字典,词典"
第24天 Unit 6 Lesson 4,index,n.索引;指数 v.为……编索引;使指数化
第24天 Unit 6 Lesson 4,predict,v.预言;预测;预告
第24天 Unit 6 Lesson 4,*prediction,n.预言;预告
第24天 Unit 6 Lesson 4,argue,"v.争论,争吵;辩论"
第24天 Unit 6 Lesson 4,argument,n.争论;辩论;论据
第24天 Unit 6 Lesson 4,discuss,v.讨论;谈论;论述
第24天 Unit 6 Lesson 4,discussion,"n.讨论,商议"
第24天 Unit 6 Lesson 4,fierce,adj.凶猛的;狂热的;猛烈的;强烈的
第24天 Unit 6 Lesson 4,fear,"n.恐惧,害怕 v.害怕,畏惧;担心"
第24天 Unit 6 Lesson 4,file,"n.文件夹;档案 v.把……归档,存档"
第24天 Unit 6 Lesson 4,pile,"n.一堆,一叠 v.堆起,堆积"
第24天 Unit 6 Lesson 4,document,"v.记录,记载 n.文件;文献"
第24天 Unit 6 Lesson 4,log,n.日志;正式记录;原木 v.正式记录
第24天 Unit 6 Lesson 4,film,"n.电影,影片;胶片,胶卷;电影业"
第24天 Unit 6 Lesson 4,favo(u)r,n.喜爱;帮忙;支持 v.更喜欢;偏爱;有助于
第24天 Unit 6 Lesson 4,*favo(u)rable,adj.赞同的;给人好印象的;有利的
第24天 Unit 6 Lesson 4,favo(u)rite,adj.最喜爱的 n.特别喜爱的人(或物)
第24天 Unit 6 Lesson 4,flavo(u)r,n.味道;特色 v.给……调味
第24天 Unit 6 Lesson 4,flour,n.面粉;粉 v.在……上撒面粉
第24天 Unit 6 Lesson 4,powder,n.粉;药粉;火药
第24天 Unit 6 Lesson 4,flow,v./n.流;流动
第24天 Unit 6 Lesson 4,blow,v.吹;吹奏 n.吹;猛击;打击
第24天 Unit 6 Lesson 4,flood,n.洪水;水灾 v.(使)灌满水;淹没
第24天 Unit 6 Lesson 4,pour,v.倾倒;倒(饮料等);倾泻;倾盆而下
第24天 Unit 6 Lesson 4,flat,n.公寓;单元房 adj.水平的;平坦的
第24天 Unit 6 Lesson 4,inflation,n.通货膨胀;通胀率;充气
第24天 Unit 6 Lesson 4,plain,adj.朴素的;简单的;直率的;普通的 n.平原
第24天 Unit 6 Lesson 4,simple,adj.简单的;朴素的;(表示强调)纯粹的
第24天 Unit 6 Lesson 4,*simply,adv.仅仅;确实;简单地
第24天 Unit 6 Lesson 4,*simplify,v.使简化
第24天 Unit 6 Lesson 4,freeze,"v.冻;(使)冻结,结冰"
第24天 Unit 6 Lesson 4,frost,"n.霜;霜冻,严寒"
第24天 Unit 6 Lesson 4,melt,v.(使)融化
第24天 Unit 6 Lesson 4,tame,v.驯服 adj.(动物)驯服的;温顺的
第24天 Unit 6 Lesson 4,wrap,"v.包,裹;用……缠绕 n.围巾,披肩;包裹物"
第24天 Unit 6 Lesson 4,towel,n.毛巾;手巾
第25天 Unit 7 Lesson 1,,
第25天 Unit 7 Lesson 1,import,n.进口(物) v.进口;输入
第25天 Unit 7 Lesson 1,*port,n.港口;港口城市
第25天 Unit 7 Lesson 1,export,n.出口(物);输出(物) v.出口;输出
第25天 Unit 7 Lesson 1,*exportation,"n.出口,输出"
第25天 Unit 7 Lesson 1,portable,adj.便携式的;手提的
第25天 Unit 7 Lesson 1,support,"n./v.支撑;支持,拥护;赡养,供养"
第25天 Unit 7 Lesson 1,passport,"n.护照;途径,手段"
第25天 Unit 7 Lesson 1,compass,n.指南针
第25天 Unit 7 Lesson 1,passenger,"n.乘客,旅客"
第25天 Unit 7 Lesson 1,passage,n.文章;通道;走廊
第25天 Unit 7 Lesson 1,comb,n.梳子 v.梳(发)
第25天 Unit 7 Lesson 1,transport,n.交通运输系统;运输工具 v.运输;传输
第25天 Unit 7 Lesson 1,*transportation,n.运输;交通方式
第25天 Unit 7 Lesson 1,translate,v.翻译;解释为
第25天 Unit 7 Lesson 1,*translation,n.翻译;译文
第25天 Unit 7 Lesson 1,transit,"v.运送;通过,经过 n.运输,运送"
第25天 Unit 7 Lesson 1,transplant,v.移植;移栽 n.(器官等的)移植
第25天 Unit 7 Lesson 1,transfer,v.转移;换乘 n.转移;换乘
第25天 Unit 7 Lesson 1,transform,v.使改变形态;使改观
第25天 Unit 7 Lesson 1,*transformer,n.变压器
第25天 Unit 7 Lesson 1,*transformation,n.变化;改革
第25天 Unit 7 Lesson 1,form,n.形式;类型;形状;表格 v.组成;(使)形成
第25天 Unit 7 Lesson 1,formal,adj.正式的;正规的;形式上的
第25天 Unit 7 Lesson 1,casual,"adj.非正式的,随便的;不经意的;偶然的"
第25天 Unit 7 Lesson 1,platform,n.平台;站台
第25天 Unit 7 Lesson 1,reform,n./v.改革;改善
第25天 Unit 7 Lesson 1,perform,v.表演;做;执行;工作;运转
第25天 Unit 7 Lesson 1,*performance,n.表演;表现;执行
第25天 Unit 7 Lesson 1,inform,"v.通知,告知;(使)了解,熟悉"
第25天 Unit 7 Lesson 1,conform,v.遵守;顺从;相一致
第25天 Unit 7 Lesson 1,uniform,n.校服;制服 adj.统一的
第25天 Unit 7 Lesson 1,unite,v.联合;团结
第25天 Unit 7 Lesson 1,*united,adj.统一的;联合的;团结的
第25天 Unit 7 Lesson 1,*unity,n.统一;联合;团结一致
第25天 Unit 7 Lesson 1,*unify,v.统一;使成一体
第25天 Unit 7 Lesson 1,union,"n.协会,联合会;工会"
第25天 Unit 7 Lesson 1,unit,n.单位;单元;一件;装置
第25天 Unit 7 Lesson 1,knot,n.结 v.打结
第25天 Unit 7 Lesson 1,request,"n./v.要求,请求"
第25天 Unit 7 Lesson 1,appeal,n.呼吁;上诉 v.有吸引力;呼吁
第25天 Unit 7 Lesson 1,demand,n.(坚决的)要求;需求 v.要求
第25天 Unit 7 Lesson 1,require,v.需要;要求
第25天 Unit 7 Lesson 1,*requirement,n.所需的东西;必备的条件
第25天 Unit 7 Lesson 1,inquire/enquire,v.询问;调查
第25天 Unit 7 Lesson 1,*inquiry/enquiry,n.调查;查问
第25天 Unit 7 Lesson 1,vain,adj.徒劳的;虚荣的
第25天 Unit 7 Lesson 1,acquire,"v.获得,得到"
第25天 Unit 7 Lesson 1,*acquisition,n.获得;购得物
第25天 Unit 7 Lesson 1,available,adj.可获得的;可找到的;有空的
第25天 Unit 7 Lesson 1,*availability,n.可获得性
第25天 Unit 7 Lesson 1,media,"n.媒体,媒介"
第25天 Unit 7 Lesson 1,immediate,"adj.立刻的,即时的;迫切的;紧接的;直接的"
第25天 Unit 7 Lesson 1,*immediately,adv.立即;接近;紧接地
第25天 Unit 7 Lesson 1,intermediate,"adj.中间的;中等的,中级的"
第25天 Unit 7 Lesson 1,international,adj.国际的
第25天 Unit 7 Lesson 1,interfere,v.干涉;妨碍
第25天 Unit 7 Lesson 1,*interference,n.干扰;干涉
第25天 Unit 7 Lesson 1,intervene,"v.干预,介入;打岔,插话;阻碍"
第25天 Unit 7 Lesson 1,*intervention,n.出面;干预;插嘴
第25天 Unit 7 Lesson 1,internal,adj.内部的;内政的;国内的
第25天 Unit 7 Lesson 1,*internally,adv.内部地;国内地;内在地
第25天 Unit 7 Lesson 1,external,adj.外部的;外来的;对外的
第25天 Unit 7 Lesson 1,*externally,adv.外部地;外表上
第25天 Unit 7 Lesson 1,interpret,v.解释;把……理解为;口译
第25天 Unit 7 Lesson 1,*interpretation,n.解释;理解
第25天 Unit 7 Lesson 1,interval,n.间隔;幕间休息
第25天 Unit 7 Lesson 1,interrupt,v.使中断;打断;打扰
第25天 Unit 7 Lesson 1,*interruption,n.打断;打扰;插嘴
第25天 Unit 7 Lesson 1,bankrupt,adj.破产的 n.破产者
第25天 Unit 7 Lesson 1,*bankruptcy,n.破产
第25天 Unit 7 Lesson 1,corrupt,"v.使腐化,使堕落;破坏 adj.腐败的"
第25天 Unit 7 Lesson 1,*corruption,"n.腐败,贪污;堕落"
第25天 Unit 7 Lesson 1,abrupt,adj.突然的;意外的;唐突的
第26天 Unit 7 Lesson 2,,
第26天 Unit 7 Lesson 2,Internet,"n.因特网,互联网"
第26天 Unit 7 Lesson 2,network,n.网络;关系网 v.将……连接成网络
第26天 Unit 7 Lesson 2,web,n.网络;蜘蛛网
第26天 Unit 7 Lesson 2,download,v.下载 n.下载
第26天 Unit 7 Lesson 2,load,n.负载;承载量;许多 v.装载;装入;加载
第26天 Unit 7 Lesson 2,*unload,v.卸货;取下;取出
第26天 Unit 7 Lesson 2,overload,"n.超载,过载 v.使超载"
第26天 Unit 7 Lesson 2,interact,"v.交流,沟通;相互影响,相互作用"
第26天 Unit 7 Lesson 2,*interaction,n.交往;相互影响
第26天 Unit 7 Lesson 2,interview,n./v.面试;面谈;采访
第26天 Unit 7 Lesson 2,*interviewer,n.采访者;面试官
第26天 Unit 7 Lesson 2,report,"v./n.报告,汇报;报道"
第26天 Unit 7 Lesson 2,*reporter,"n.记者,新闻通讯员"
第26天 Unit 7 Lesson 2,short,adj.短的;个子矮的;短期的;紧缺的
第26天 Unit 7 Lesson 2,*shortly,"adv.立刻,不久"
第26天 Unit 7 Lesson 2,*shorts,n.(pl.)短裤
第26天 Unit 7 Lesson 2,shortage,n.不足;缺少;短缺
第26天 Unit 7 Lesson 2,lack,n.缺乏;匮乏;短缺 v.没有;缺乏
第26天 Unit 7 Lesson 2,enough,"det.充足的,足够的 adv.充足地,足够地 pron.足够"
第26天 Unit 7 Lesson 2,long,adj.长的;长距离的;长时间的
第26天 Unit 7 Lesson 2,length,"n.长,长度;时长"
第26天 Unit 7 Lesson 2,belong,v.属于;是……的成员
第26天 Unit 7 Lesson 2,strength,n.力量;强度;毅力;优势
第26天 Unit 7 Lesson 2,*strong,adj.强壮的;强烈的
第26天 Unit 7 Lesson 2,strengthen,v.加强;巩固
第26天 Unit 7 Lesson 2,continue,v.继续;延续;延伸
第26天 Unit 7 Lesson 2,*continual,"adj.连续的,持续不断的;频繁的"
第26天 Unit 7 Lesson 2,*continuous,adj.不断的;持续的;连续的
第26天 Unit 7 Lesson 2,frequent,adj.频繁的;经常发生的
第26天 Unit 7 Lesson 2,*frequency,n.发生率;频繁;频率
第26天 Unit 7 Lesson 2,*frequently,adv.频繁地;经常
第26天 Unit 7 Lesson 2,usual,adj.通常的;寻常的;惯常的
第26天 Unit 7 Lesson 2,usually,adv.通常地;一般地;经常地
第26天 Unit 7 Lesson 2,mean,v.意思是;打算;意味着 adj.吝啬的;刻薄的
第26天 Unit 7 Lesson 2,meaning,n.意义;含义;价值
第26天 Unit 7 Lesson 2,means,n.方式;方法;途径
第26天 Unit 7 Lesson 2,meantime,"n./adv.在此期间,与此同时"
第26天 Unit 7 Lesson 2,meanwhile,n./adv.与此同时;在此期间
第26天 Unit 7 Lesson 2,menu,n.菜单
第26天 Unit 7 Lesson 2,bill,n.账单;议案
第26天 Unit 7 Lesson 2,dish,"n.碟,盘;一道菜;菜肴"
第26天 Unit 7 Lesson 2,wash,"v.洗,洗涤;洗脸;冲向"
第26天 Unit 7 Lesson 2,coffee,n.咖啡;咖啡饮料;咖啡色
第26天 Unit 7 Lesson 2,thirsty,"adj.渴的,口渴的;渴望,渴求"
第26天 Unit 7 Lesson 2,drunk,adj.醉的;陶醉的 n.醉汉
第26天 Unit 7 Lesson 2,*drink,"n.饮料,一杯;酒,酒精饮料 v.喝,饮"
第26天 Unit 7 Lesson 2,*drunken,adj.醉的;常醉的;酗酒的
第26天 Unit 7 Lesson 2,juice,"n.果汁,菜汁;胃液 v.榨……的汁"
第26天 Unit 7 Lesson 2,vitamin,n.维生素
第26天 Unit 7 Lesson 2,delicious,"adj.美味的,可口的"
第26天 Unit 7 Lesson 2,sugar,n.糖
第26天 Unit 7 Lesson 2,sweet,n.糖果;甜点 adj.甜的;可爱的
第26天 Unit 7 Lesson 2,sweat,n.汗;汗珠 v.流汗;使出汗;辛苦工作
第26天 Unit 7 Lesson 2,*sweater,n.毛衣;线衣
第26天 Unit 7 Lesson 2,bitter,adj.严寒的;味苦的;激烈而不愉快的
第26天 Unit 7 Lesson 2,bit,n.一点;少量;一部分
第26天 Unit 7 Lesson 2,taste,v.有……味道;品尝 n.味道;爱好;体验
第26天 Unit 7 Lesson 2,smell,"v.闻到;嗅到;有……气味 n.闻,嗅;嗅觉;气味;臭味"
第26天 Unit 7 Lesson 2,hobby,n.嗜好;业余爱好
第26天 Unit 7 Lesson 2,fresh,adj.新鲜的;清新的;淡的;精力充沛的
第26天 Unit 7 Lesson 2,refresh,v.使恢复精力;使凉爽;提醒
第26天 Unit 7 Lesson 2,*refreshment,n.恢复活力
第26天 Unit 7 Lesson 2,renew,"v.重新开始,继续;更新"
第26天 Unit 7 Lesson 2,thick,"adj.厚的;浓的;密的,密集的"
第26天 Unit 7 Lesson 2,dense,"adj.密集的,稠密的"
第26天 Unit 7 Lesson 2,*density,n.密度
第26天 Unit 7 Lesson 2,mild,adj.和善的;温和的;温暖的;轻微的
第26天 Unit 7 Lesson 2,gentle,"adj.文静的;温柔的,慈祥的;温和的"
第26天 Unit 7 Lesson 2,*gently,adv.文雅地;温柔地
第26天 Unit 7 Lesson 2,gentleman,n.先生;绅士;有教养的人
第26天 Unit 7 Lesson 2,tender,"adj.温柔的;柔软的;脆弱的,易损坏的"
第26天 Unit 7 Lesson 2,soft,"adj.软的,柔软的;轻的;柔和的"
第27天 Unit 7 Lesson 3,,
第27天 Unit 7 Lesson 3,health,n.健康;保健;卫生
第27天 Unit 7 Lesson 3,*healthy,adj.健康的;有益于健康的
第27天 Unit 7 Lesson 3,well-being,n.健康;安乐
第27天 Unit 7 Lesson 3,nutrition,"n.营养,滋养;营养学"
第27天 Unit 7 Lesson 3,protein,n.蛋白质
第27天 Unit 7 Lesson 3,vegetarian,n.素食者;吃素的人
第27天 Unit 7 Lesson 3,fit,"v.适合,合身;和……相称 adj.健康的;适合的"
第27天 Unit 7 Lesson 3,exercise,"n.练习;体操;锻炼,运动 v.练习;锻炼,运动"
第27天 Unit 7 Lesson 3,gym,"n.体育馆,健身房;健身"
第27天 Unit 7 Lesson 3,*gymnasium,"n.体育馆,健身房"
第27天 Unit 7 Lesson 3,suit,"n.套装,西装;成套衣服 v.适合;合心意;合身,相配"
第27天 Unit 7 Lesson 3,suitable,"adj.合适的,适宜的"
第27天 Unit 7 Lesson 3,suite,"n.套,一套(家具等)"
第27天 Unit 7 Lesson 3,exhaust,"v.使精疲力尽;用完,耗尽"
第27天 Unit 7 Lesson 3,*exhausted,adj.筋疲力尽的
第27天 Unit 7 Lesson 3,tired,"adj.(感到)疲倦的,困倦的;累的"
第27天 Unit 7 Lesson 3,entire,adj.全部的;整个的;完全的
第27天 Unit 7 Lesson 3,*entirely,adv.全部地;完整地
第27天 Unit 7 Lesson 3,retire,v.退休;退出
第27天 Unit 7 Lesson 3,*retirement,n.退休
第27天 Unit 7 Lesson 3,leisure,"n.空闲,闲暇"
第27天 Unit 7 Lesson 3,lay,"v.放置,安放;铺设;下(蛋),产(卵)"
第27天 Unit 7 Lesson 3,lie①,v.平躺;位于;平放;在于
第27天 Unit 7 Lesson 3,lie②,"v.说谎 n.谎言,谎话"
第27天 Unit 7 Lesson 3,fix,"v.修理,校正;使固定;找到"
第27天 Unit 7 Lesson 3,move,n.行动;改变 v.移动;进步;感动
第27天 Unit 7 Lesson 3,*movement,n.运动;活动;移动
第27天 Unit 7 Lesson 3,remove,v.移开;排除;摘下;解除(职务等)
第27天 Unit 7 Lesson 3,motion,"n.运动;移动 v.(以头或手)做动作,示意"
第27天 Unit 7 Lesson 3,motive,n.动机;原因;目的
第27天 Unit 7 Lesson 3,motivate,v.激发;激励;成为……的动机
第27天 Unit 7 Lesson 3,mobile,adj.可移动的 n.移动电话
第27天 Unit 7 Lesson 3,emotion,n.情感;情绪
第27天 Unit 7 Lesson 3,*emotional,adj.情感的;情绪的;激动的;感情用事的
第27天 Unit 7 Lesson 3,rational,adj.合理的;理性的;明智的
第27天 Unit 7 Lesson 3,*irrational,adj.不合逻辑的;没有道理的
第27天 Unit 7 Lesson 3,ratio,n.比;比率;比例
第27天 Unit 7 Lesson 3,remote,adj.遥远的;远程的
第27天 Unit 7 Lesson 3,promote,"v.促进,提升;促销;推动"
第27天 Unit 7 Lesson 3,*promotion,"n.晋升;推销,促销"
第27天 Unit 7 Lesson 3,prompt,"adj.立即的,及时的 v.促使,导致;鼓励"
第27天 Unit 7 Lesson 3,sudden,"adj.突然的,陡然的"
第27天 Unit 7 Lesson 3,*suddenly,"adv.突然,忽然,猛地,骤然"
第27天 Unit 7 Lesson 3,bar,"n.酒吧;条状物,棒;障碍"
第27天 Unit 7 Lesson 3,bare,"adj.裸露的,裸体的;(树木)光秃秃的;仅够的"
第27天 Unit 7 Lesson 3,barely,adv.仅仅;几乎不;刚好
第27天 Unit 7 Lesson 3,naked,adj.裸体的;裸露的;直白的
第27天 Unit 7 Lesson 3,bargain,v.讨价还价 n.便宜货;交易
第27天 Unit 7 Lesson 3,barrier,n.障碍物;分界线
第27天 Unit 7 Lesson 3,fence,"n.栅栏;篱笆 v.(用栅栏等)围住,隔开"
第27天 Unit 7 Lesson 3,embarrass,"v.使尴尬,使窘迫"
第27天 Unit 7 Lesson 3,*embarrassing,adj.使人尴尬的
第27天 Unit 7 Lesson 3,*embarrassment,"n.困窘,局促不安"
第27天 Unit 7 Lesson 3,persuade,"v.说服,劝说;使相信"
第27天 Unit 7 Lesson 3,induce,"v.劝诱,诱使"
第27天 Unit 7 Lesson 3,serve,"v.服务,接待;提供"
第27天 Unit 7 Lesson 3,*service,"n.服务,接待;服务性行业;公共事业"
第27天 Unit 7 Lesson 3,*servant,"n.仆人,佣人;职员,雇员"
第27天 Unit 7 Lesson 3,deserve,"v.应受,应得;值得"
第27天 Unit 7 Lesson 3,preserve,v.保护;保留;保存 n.专属领域;动物保护区
第27天 Unit 7 Lesson 3,reserve,v.保留;预订 n.储备(量);保护区
第27天 Unit 7 Lesson 3,*reservation,n.保留;预订
第27天 Unit 7 Lesson 3,conserve,"v.保存,保护;节省"
第27天 Unit 7 Lesson 3,*conservative,"n.保守的人;保守派 adj.保守的,守旧的"
第27天 Unit 7 Lesson 3,observe,"v.观察;遵守;评论,评说"
第27天 Unit 7 Lesson 3,*observation,n.观察
第27天 Unit 7 Lesson 3,*observer,n.观察者
第28天 Unit 7 Lesson 4,,
第28天 Unit 7 Lesson 4,obtain,"v.获得,得到"
第28天 Unit 7 Lesson 4,attain,v.达到;获得
第28天 Unit 7 Lesson 4,*attainment,n.达到;成就
第28天 Unit 7 Lesson 4,*attainable,adj.可达到的;可获得的
第28天 Unit 7 Lesson 4,entertain,"v.(在家)招待,款待;娱乐;使快乐"
第28天 Unit 7 Lesson 4,*entertainment,n.娱乐;款待
第28天 Unit 7 Lesson 4,maintain,v.维持;保持;坚持(意见);供养;维修
第28天 Unit 7 Lesson 4,*maintenance,n.维护;保养;维持
第28天 Unit 7 Lesson 4,sustain,"v.维持;支撑,承担"
第28天 Unit 7 Lesson 4,*sustainable,adj.可持续的
第28天 Unit 7 Lesson 4,contain,v.包含;容纳;控制
第28天 Unit 7 Lesson 4,*container,n.容器
第28天 Unit 7 Lesson 4,retain,v.保持;保留
第28天 Unit 7 Lesson 4,remain,v.保持;剩余;逗留
第28天 Unit 7 Lesson 4,*remains,n.剩余物;残留物;遗迹
第28天 Unit 7 Lesson 4,tidy,"adj.整洁的,整齐的 v.整理,使整洁"
第28天 Unit 7 Lesson 4,neat,"adj.整洁的;灵巧的,优雅的"
第28天 Unit 7 Lesson 4,orderly,adj.有秩序的;整洁的
第28天 Unit 7 Lesson 4,clean,"adj.清洁的,干净的;清白的 v.打扫,清扫"
第28天 Unit 7 Lesson 4,*cleaner,"n.清洁工;清洁器,清洁剂"
第28天 Unit 7 Lesson 4,clarify,"v.澄清,阐明"
第28天 Unit 7 Lesson 4,explain,v.解释;说明;阐明
第28天 Unit 7 Lesson 4,*explanation,n.解释;说明;阐述
第28天 Unit 7 Lesson 4,dust,"n.灰尘,尘土 v.(为……)擦灰"
第28天 Unit 7 Lesson 4,*dustbin,n.垃圾箱
第28天 Unit 7 Lesson 4,mud,"n.泥,泥浆"
第28天 Unit 7 Lesson 4,dirty,adj.肮脏的;下流的 v.弄脏
第28天 Unit 7 Lesson 4,*dirt,n.污物;烂泥;泥土
第28天 Unit 7 Lesson 4,rubbish,"n.垃圾,废弃物;废话"
第28天 Unit 7 Lesson 4,garbage,"n.垃圾,废物"
第28天 Unit 7 Lesson 4,awful,adj.可怕的;极坏的
第28天 Unit 7 Lesson 4,terrible,adj.可怕的;令人极不快的;糟糕的
第28天 Unit 7 Lesson 4,fashion,"n.时尚,时兴;流行款式"
第28天 Unit 7 Lesson 4,*fashionable,adj.流行的
第28天 Unit 7 Lesson 4,style,n.风格;款式;方式 v.设计
第28天 Unit 7 Lesson 4,*stylish,"adj.时髦的,高雅的"
第28天 Unit 7 Lesson 4,type,"n.种类,类型 v.打字"
第28天 Unit 7 Lesson 4,typical,"adj.典型的;平常的,一贯的"
第28天 Unit 7 Lesson 4,*typically,"adv.通常,一般;典型地"
第28天 Unit 7 Lesson 4,pattern,n.模式;图案;典范;式样
第28天 Unit 7 Lesson 4,version,n.变体;变种;版本
第28天 Unit 7 Lesson 4,model,"n.模型,样式;模特儿;模范"
第28天 Unit 7 Lesson 4,mode,"n.模式;方式,方法;状态;形式"
第28天 Unit 7 Lesson 4,modify,v.调整;修改;使更适合
第28天 Unit 7 Lesson 4,*modification,"n.修改,修正;改变"
第28天 Unit 7 Lesson 4,moderate,v.缓和;使适中 adj.适度的;中等的
第28天 Unit 7 Lesson 4,modest,adj.适中的;谦虚的;保守的
第28天 Unit 7 Lesson 4,attitude,n.态度
第28天 Unit 7 Lesson 4,altitude,n.海拔(高度);高处
第28天 Unit 7 Lesson 4,high,adj.高的;上层的;崇高的
第28天 Unit 7 Lesson 4,*highly,adv.非常;高标准地;高度地;赞赏地
第28天 Unit 7 Lesson 4,*height,n.身高;高度;顶点
第28天 Unit 7 Lesson 4,*heighten,v.(使)加强;提高;增加
第28天 Unit 7 Lesson 4,like,v.喜欢;想要 prep.像 adj.相像的 n.喜好
第28天 Unit 7 Lesson 4,*likely,adj.可能的;有希望的
第28天 Unit 7 Lesson 4,*unlike,prep.与……不同 adj.不同的
第28天 Unit 7 Lesson 4,*unlikely,adj.不大可能发生的;意料之外的;难以相信的
第28天 Unit 7 Lesson 4,similar,"adj.相似的,类似的"
第28天 Unit 7 Lesson 4,*similarly,"adv.相似地,类似地"
第28天 Unit 7 Lesson 4,*similarity,n.相像性;相似点
第28天 Unit 7 Lesson 4,indifferent,"adj.冷漠的,不关心的"
第28天 Unit 7 Lesson 4,*indifference,"n.冷漠,不关心"
第28天 Unit 7 Lesson 4,resemble,v.像;看起来像
第28天 Unit 7 Lesson 4,*resemblance,"n.相似,相像"
第28天 Unit 7 Lesson 4,assemble,"v.集合,聚集;组装"
第28天 Unit 7 Lesson 4,alike,"adj.相似的,相像的 adv.相似地;同样地"
第28天 Unit 7 Lesson 4,likewise,"adv.相似地;相同地;也,还"
第28天 Unit 7 Lesson 4,local,"n.本地人 adj.当地的,地方性的"
第28天 Unit 7 Lesson 4,locate,v.定位;找出……的准确位置;把……安置在
第28天 Unit 7 Lesson 4,*location,n.地点;位置
第28天 Unit 7 Lesson 4,address,n.地址;演说 v.写地址;演讲
第28天 Unit 7 Lesson 4,speech,"n.演说,演讲;发言;谈话"
第28天 Unit 7 Lesson 4,*speechless,adj.说不出话的
第29天 Unit 8 Lesson 1,,
第29天 Unit 8 Lesson 1,terrific,"adj.极好的,了不起的;惊人的"
第29天 Unit 8 Lesson 1,wonderful,adj.精彩的;绝妙的;令人惊叹的
第29天 Unit 8 Lesson 1,wonder,v.想知道;惊讶 n.惊叹;惊讶;奇迹;奇观
第29天 Unit 8 Lesson 1,brilliant,adj.明亮的;杰出的;聪明的;巧妙的
第29天 Unit 8 Lesson 1,bright,adj.明亮的;聪明的;愉快的
第29天 Unit 8 Lesson 1,splendid,adj.极好的;壮丽的;灿烂的
第29天 Unit 8 Lesson 1,shine,v.照耀;发光;擦亮 n.光泽;光亮
第29天 Unit 8 Lesson 1,sunshine,n.阳光
第29天 Unit 8 Lesson 1,polish,v.擦亮;抛光;润色;修改 n.上光剂;抛光
第29天 Unit 8 Lesson 1,extraordinary,adj.非凡的;不平常的
第29天 Unit 8 Lesson 1,extra,adj.额外的;外加的 adv./n.额外(的事物)
第29天 Unit 8 Lesson 1,outstanding,"adj.优秀的,极好的;突出的"
第29天 Unit 8 Lesson 1,magnificent,"adj.宏伟的,壮丽的;值得赞扬的"
第29天 Unit 8 Lesson 1,marvel(l)ous,adj.极好的;非凡的
第29天 Unit 8 Lesson 1,grand,adj.大的;宏伟的;重大的;壮丽的
第29天 Unit 8 Lesson 1,excellent,"adj.卓越的,极好的,优秀的"
第29天 Unit 8 Lesson 1,peak,"n.山顶,顶峰 adj.最高的 v.到达最高点"
第29天 Unit 8 Lesson 1,top,"n.顶,顶部;最高的级别 adj.最高的;极棒的"
第29天 Unit 8 Lesson 1,topic,n.题目;话题
第29天 Unit 8 Lesson 1,title,"n.标题,题目;头衔,称号"
第29天 Unit 8 Lesson 1,entitle,v.给……命名;给……权利
第29天 Unit 8 Lesson 1,tip,n.尖端;小费;建议;窍门 v.给……小费
第29天 Unit 8 Lesson 1,fee,n.费用;酬金
第29天 Unit 8 Lesson 1,crowd,n.人群;观众;一伙人 v.使……拥挤
第29天 Unit 8 Lesson 1,mass,"n.许多,大量;一群;群众 adj.大量的;民众的"
第29天 Unit 8 Lesson 1,massive,adj.巨大的;大量的;严重的
第29天 Unit 8 Lesson 1,mess,"n.肮脏;杂乱;麻烦,困境 v.弄脏,弄乱"
第29天 Unit 8 Lesson 1,message,"n.信息,消息 v.向(某人)传送"
第29天 Unit 8 Lesson 1,plenty,"pron.丰富,大量;充足"
第29天 Unit 8 Lesson 1,*plentiful,"adj.丰富的,大量的;充足的"
第29天 Unit 8 Lesson 1,numerous,adj.众多的;许多的
第29天 Unit 8 Lesson 1,abundant,adj.大量的;充裕的;丰盛的
第29天 Unit 8 Lesson 1,multiple,adj.数量多的;多种多样的 n.倍数
第29天 Unit 8 Lesson 1,multiply,v.乘;成倍增加;(使)繁殖
第29天 Unit 8 Lesson 1,several,"det./pron.几个,一些 adj.各自的,分别的"
第29天 Unit 8 Lesson 1,number,n.数字;数量;编号;号码 v.给……编号;总计
第29天 Unit 8 Lesson 1,host,n.主人;东道主;主持人 v.主持;主办
第29天 Unit 8 Lesson 1,hostile,"adj.敌意的,敌视的"
第29天 Unit 8 Lesson 1,*hostility,"n.敌意,敌对"
第29天 Unit 8 Lesson 1,ghost,n.鬼;幽灵
第29天 Unit 8 Lesson 1,master,"n.(男)主人,雇主;大师;硕士学位 v.精通;掌握"
第29天 Unit 8 Lesson 1,guest,"n.客人,宾客;旅客;特邀嘉宾"
第29天 Unit 8 Lesson 1,mechanic,n.技工;机械师;机械修理工
第29天 Unit 8 Lesson 1,*mechanics,n.机械学;力学
第29天 Unit 8 Lesson 1,*mechanical,"adj.机器的,机械的"
第29天 Unit 8 Lesson 1,technique,n.技巧;工艺;技艺
第29天 Unit 8 Lesson 1,*technical,adj.技术的;技能的
第29天 Unit 8 Lesson 1,*technician,n.技术员;技师
第29天 Unit 8 Lesson 1,technology,n.科技;工艺;工程技术
第29天 Unit 8 Lesson 1,*technological,adj.工艺的;技术的
第29天 Unit 8 Lesson 1,skill,n.技巧;技能
第29天 Unit 8 Lesson 1,*skilled,adj.有技能的;熟练的
第29天 Unit 8 Lesson 1,*skil(l)ful,adj.熟练的;技术好的;制作精良的
第29天 Unit 8 Lesson 1,edit,v.编辑;主编;剪辑
第29天 Unit 8 Lesson 1,*edition,"n.版,版本,版次;一期"
第29天 Unit 8 Lesson 1,*editor,n.编辑;主编
第29天 Unit 8 Lesson 1,*editorial,adj.编辑的 n.(报刊的)社论
第29天 Unit 8 Lesson 1,copy,"v.复制,复印;抄袭;模仿 n.复印件,副本;一册"
第29天 Unit 8 Lesson 1,print,n.印刷业;印刷字体 v.打印;印刷;刊登;发表
第29天 Unit 8 Lesson 1,issue,n.问题;一期;发行 v.发表;公布;分发
第29天 Unit 8 Lesson 1,tissue,"n.纸巾,手巾纸;(人、动植物细胞的)组织"
第29天 Unit 8 Lesson 1,phenomenon,n.现象;非凡的人(或事物)
第29天 Unit 8 Lesson 1,publish,"v.出版,发行;刊登;发表,发布"
第29天 Unit 8 Lesson 1,*publication,n.(书刊等的)出版;出版物;发表;公布
第29天 Unit 8 Lesson 1,public,adj.公共的;公开的 n.民众
第29天 Unit 8 Lesson 1,*publicly,adv.公开地
第29天 Unit 8 Lesson 1,republic,n.共和国;共和政体
第29天 Unit 8 Lesson 1,punish,v.惩罚;处罚
第29天 Unit 8 Lesson 1,*punishment,n.惩罚;处罚
第29天 Unit 8 Lesson 1,punctual,adj.准时的;守时的
第30天 Unit 8 Lesson 2,,
第30天 Unit 8 Lesson 2,novel,n.(长篇)小说 adj.新颖的
第30天 Unit 8 Lesson 2,fiction,n.小说;虚构的事
第30天 Unit 8 Lesson 2,magazine,n.杂志;期刊
第30天 Unit 8 Lesson 2,journal,n.期刊;日报;日记
第30天 Unit 8 Lesson 2,*journalist,n.记者
第30天 Unit 8 Lesson 2,drama,n.戏剧;戏剧性;戏剧性情节
第30天 Unit 8 Lesson 2,dramatic,adj.戏剧(般)的;突然的;巨大的;引人注目的
第30天 Unit 8 Lesson 2,*dramatically,adv.急剧地;戏剧性地
第30天 Unit 8 Lesson 2,tragedy,n.悲剧(作品);灾难
第30天 Unit 8 Lesson 2,disaster,"n.灾难,灾祸"
第30天 Unit 8 Lesson 2,famine,"n.饥荒,饥饿"
第30天 Unit 8 Lesson 2,drown,"v.(使)淹死,溺死;淹没"
第30天 Unit 8 Lesson 2,comedy,n.喜剧(片);滑稽
第30天 Unit 8 Lesson 2,opera,n.歌剧;歌剧院
第30天 Unit 8 Lesson 2,cinema,n.电影院
第30天 Unit 8 Lesson 2,theatre/-ter,"n.剧场,戏院;电影院"
第30天 Unit 8 Lesson 2,audience,n.听众;观众;读者
第30天 Unit 8 Lesson 2,band,"n.乐队;一伙人;带,箍"
第30天 Unit 8 Lesson 2,concert,"n.音乐会,演奏会"
第30天 Unit 8 Lesson 2,literature,n.文献;文学(作品)
第30天 Unit 8 Lesson 2,*literary,adj.文学的;有典型文学作品特征的
第30天 Unit 8 Lesson 2,literacy,n.识字;读写能力;(某个领域的)知识
第30天 Unit 8 Lesson 2,literal,adj.字面意义的;缺乏想象力的
第30天 Unit 8 Lesson 2,*literally,adv.字面上;真正地
第30天 Unit 8 Lesson 2,classic,"adj.最优秀的;典型的 n.经典作品,名著,杰作"
第30天 Unit 8 Lesson 2,*classical,adj.古典的;经典的
第30天 Unit 8 Lesson 2,classify,v.分类;归类;划分
第30天 Unit 8 Lesson 2,defend,"v.防御;保护,保卫;防守;(为……)辩护"
第30天 Unit 8 Lesson 2,*defender,n.后卫;捍卫者
第30天 Unit 8 Lesson 2,defendant,n.被告(人)
第30天 Unit 8 Lesson 2,defence/-nse,n.防御;保护;防守
第30天 Unit 8 Lesson 2,offend,"v.得罪,冒犯;令人不适;犯罪"
第30天 Unit 8 Lesson 2,*offence/-nse,n.犯罪;冒犯行为
第30天 Unit 8 Lesson 2,*offensive,adj.冒犯的;攻击性的;令人不适的
第30天 Unit 8 Lesson 2,guard,n.卫兵;警戒;保卫;看守
第30天 Unit 8 Lesson 2,regard,"v.认为;把……看作 n.关心;(pl.)致意,问候"
第30天 Unit 8 Lesson 2,*regarding,prep.关于;至于
第30天 Unit 8 Lesson 2,regardless,"adv.不管,不顾一切地"
第30天 Unit 8 Lesson 2,guarantee,"v.保证,担保 n.保证;保证书"
第30天 Unit 8 Lesson 2,promise,v.许诺;保证;答应 n.诺言;承诺;迹象
第30天 Unit 8 Lesson 2,compromise,"n./v.妥协,折中"
第30天 Unit 8 Lesson 2,defeat,v.击败;战胜 n.失败;击败
第30天 Unit 8 Lesson 2,conquer,v.征服;占领;击败;克服
第30天 Unit 8 Lesson 2,declare,"v.声称,宣称;公布;宣布"
第30天 Unit 8 Lesson 2,*declaration,n.公告;宣告;宣言
第30天 Unit 8 Lesson 2,deliver,v.传送;发送;发表;移交;接生
第30天 Unit 8 Lesson 2,*delivery,n.投递;传送
第30天 Unit 8 Lesson 2,desire,n.渴望;愿望 v.渴望;期望
第30天 Unit 8 Lesson 2,*desirable,adj.向往的;值得拥有的;渴望获得的
第30天 Unit 8 Lesson 2,eager,adj.渴望的;热切的
第30天 Unit 8 Lesson 2,keen,adj.渴望的;热切的;热情的;强烈的
第30天 Unit 8 Lesson 2,hate,"v.厌恶,讨厌 n.憎恨;厌恶"
第30天 Unit 8 Lesson 2,decade,"n.十年,十年期"
第30天 Unit 8 Lesson 2,derive,"v.追溯……的起源,源于;得到,获得"
第30天 Unit 8 Lesson 2,deprive,"v.剥夺,使丧失"
第30天 Unit 8 Lesson 2,arrive,"v.到达;(时间、事件)到来,发生"
第30天 Unit 8 Lesson 2,*arrival,n.到来;到达
第30天 Unit 8 Lesson 2,thrive,"v.兴旺,繁荣;茁壮成长"
第30天 Unit 8 Lesson 2,origin,n.起源;源头;起因;出身
第30天 Unit 8 Lesson 2,*original,"adj.最初的,原始的"
第30天 Unit 8 Lesson 2,region,n.地区;(身体)部位
第30天 Unit 8 Lesson 2,*regional,adj.地区的;区域的
第30天 Unit 8 Lesson 2,root,"n.根;根源,基础 v.(使)生根"
第30天 Unit 8 Lesson 2,source,"n.来源,出处,源头 v.从某地获得"
第30天 Unit 8 Lesson 2,resource,n.资源;财力
第30天 Unit 8 Lesson 2,command,"n.指挥,控制;命令;掌握 v.指挥,控制;命令"
第30天 Unit 8 Lesson 2,*commander,n.指挥官;司令官
第30天 Unit 8 Lesson 2,direct,"adj.直接的 v.管理,指导;指挥;给……指路"
第30天 Unit 8 Lesson 2,*directly,adv.直接地;立即
第30天 Unit 8 Lesson 2,director,n.导演;负责人;经理
第30天 Unit 8 Lesson 2,direction,"n.方向,方位;指示"
第30天 Unit 8 Lesson 2,straight,"adj.直的,笔直的;直率的 adv.笔直地;直接;立即"
第30天 Unit 8 Lesson 2,vertical,"adj.垂直的,直立的;纵向的"
第30天 Unit 8 Lesson 2,guide,n.指南;导游;指导者 v.指引;领路
第30天 Unit 8 Lesson 2,*guidance,n.指导;咨询;导航
第30天 Unit 8 Lesson 2,conduct,"n.行为,举止 v.执行;指挥;引导;举止,表现"
第30天 Unit 8 Lesson 2,*conductor,n.指挥;列车长;售票员
第30天 Unit 8 Lesson 2,*semiconductor,n.半导体
第30天 Unit 8 Lesson 2,instruct,"v.命令,指示;传授;告知"
第30天 Unit 8 Lesson 2,*instruction,"n.命令,指示;吩咐"
第30天 Unit 8 Lesson 2,*instructive,adj.富有教益的;增长知识的
第30天 Unit 8 Lesson 2,advocate,"n.提倡者,拥护者;支持者 v.提倡,主张;支持;拥护"
第31天 Unit 8 Lesson 3,,
第31天 Unit 8 Lesson 3,sincere,adj.真诚的;诚实的
第31天 Unit 8 Lesson 3,*sincerely,adv.真诚地;诚实地
第31天 Unit 8 Lesson 3,frank,"adj.坦白的,直率的"
第31天 Unit 8 Lesson 3,honest,"adj.诚实的,实在的;可靠的;坦率的"
第31天 Unit 8 Lesson 3,confident,adj.自信的;有把握的
第31天 Unit 8 Lesson 3,*confidential,adj.保密的;隐秘的;委以机密的
第31天 Unit 8 Lesson 3,*confidence,n.信心;信任;自信心;把握
第31天 Unit 8 Lesson 3,graceful,"adj.优美的,得体的"
第31天 Unit 8 Lesson 3,tough,adj.艰难的;坚韧的;强硬的;粗野的
第31天 Unit 8 Lesson 3,rough,"adj.粗糙的,不平的;粗略的;粗暴的;艰难的"
第31天 Unit 8 Lesson 3,harsh,adj.严厉的;严酷的;恶劣的;艰苦的
第31天 Unit 8 Lesson 3,hardship,"n.艰难,困苦"
第31天 Unit 8 Lesson 3,rude,"adj.粗鲁的,无礼的"
第31天 Unit 8 Lesson 3,crude,"adj.粗俗的,粗野的;自然的,天然的"
第31天 Unit 8 Lesson 3,raw,"adj.生的,未加工的;不熟练的,没有经验的"
第31天 Unit 8 Lesson 3,roar,n.咆哮;(机器的)隆隆声 v.咆哮;放声大笑
第31天 Unit 8 Lesson 3,selfish,adj.自私的
第31天 Unit 8 Lesson 3,anxious,"adj.忧虑的,焦虑的;渴望的"
第31天 Unit 8 Lesson 3,*anxiety,"n.担忧,焦虑"
第31天 Unit 8 Lesson 3,nervous,adj.焦虑的;易紧张的;神经质的;神经系统的
第31天 Unit 8 Lesson 3,patient,n.病人 adj.有耐心的;能忍耐的
第31天 Unit 8 Lesson 3,*impatient,"adj.不耐烦的,不耐心的"
第31天 Unit 8 Lesson 3,patience,n.耐心;忍耐力;毅力
第31天 Unit 8 Lesson 3,*impatience,n.不耐烦;焦躁
第31天 Unit 8 Lesson 3,pace,n.步;速度;节奏
第31天 Unit 8 Lesson 3,peace,"n.和平;安静,平静;和谐"
第31天 Unit 8 Lesson 3,*peaceful,"adj.和平的;平静的,安宁的"
第31天 Unit 8 Lesson 3,harmony,n.协调;和谐
第31天 Unit 8 Lesson 3,*harmonious,adj.和谐的
第31天 Unit 8 Lesson 3,silence,n.寂静;沉默
第31天 Unit 8 Lesson 3,silent,adj.安静的;沉默的
第31天 Unit 8 Lesson 3,stupid,adj.愚蠢的
第31天 Unit 8 Lesson 3,fool,n.傻瓜 v.愚弄;欺骗
第31天 Unit 8 Lesson 3,foolish,"adj.愚蠢的,傻的,笨的"
第31天 Unit 8 Lesson 3,pride,n.骄傲;自豪;自尊心
第31天 Unit 8 Lesson 3,proud,"adj.骄傲的;自豪的,得意的"
第31天 Unit 8 Lesson 3,shy,"adj.羞怯的,腼腆的;怕生的;胆小的"
第31天 Unit 8 Lesson 3,angry,adj.生气的;愤怒的;狂暴的
第31天 Unit 8 Lesson 3,anger,"n.愤怒,怒气"
第31天 Unit 8 Lesson 3,energy,"n.精力,活力;能源"
第31天 Unit 8 Lesson 3,energetic,"adj.精力充沛的,充满活力的;积极的"
第31天 Unit 8 Lesson 3,vigorous,adj.精力充沛的;健壮的
第31天 Unit 8 Lesson 3,*vigo(u)r,"n.精力,活力"
第31天 Unit 8 Lesson 3,dynamic,"adj.充满活力的,精力充沛的;动力的;动态的"
第31天 Unit 8 Lesson 3,fuel,n.燃料 v.给……提供燃料;增加;刺激
第31天 Unit 8 Lesson 3,fun,n.乐趣;玩笑 adj.有趣的;逗乐的
第31天 Unit 8 Lesson 3,funny,adj.有趣的;好笑的;滑稽的
第31天 Unit 8 Lesson 3,silly,"adj.愚蠢的,傻的;可笑的"
第31天 Unit 8 Lesson 3,ridiculous,"adj.可笑的,荒谬的"
第31天 Unit 8 Lesson 3,joy,n.高兴;喜悦;乐趣;满足
第31天 Unit 8 Lesson 3,enjoy,v.享受;喜爱
第31天 Unit 8 Lesson 3,*enjoyment,n.愉快;快乐;乐趣
第31天 Unit 8 Lesson 3,handsome,adj.(男子)英俊的;(女子)健美的;好看的
第31天 Unit 8 Lesson 3,pretty,"adj.漂亮的,俊俏的 adv.相当;颇,很"
第31天 Unit 8 Lesson 3,rather,"adv.相当;相反,反而;更确切地说;有点儿"
第31天 Unit 8 Lesson 3,cruel,"adj.残忍的,残酷的"
第31天 Unit 8 Lesson 3,brutal,adj.野蛮的;凶残的;直截了当的
第31天 Unit 8 Lesson 3,rigorous,"adj.严酷的,严格的;缜密的"
第31天 Unit 8 Lesson 3,wise,"adj.明智的,高明的"
第31天 Unit 8 Lesson 3,*wisdom,"n.智慧,明智"
第31天 Unit 8 Lesson 3,wit,"n.风趣;机智幽默的人;智力,理解力"
第31天 Unit 8 Lesson 3,press,"v.按,压 n.新闻;出版社"
第31天 Unit 8 Lesson 3,pressure,n.压力
第31天 Unit 8 Lesson 3,button,n.按钮;纽扣
第31天 Unit 8 Lesson 3,stress,n.压力;紧张;重音;强调 v.强调;重读
第31天 Unit 8 Lesson 3,express,v.表示;表达 adj.特快的 n.特快列车
第31天 Unit 8 Lesson 3,*expression,n.表示;表达;表情
第31天 Unit 8 Lesson 3,impress,v.留下印象;使铭记
第31天 Unit 8 Lesson 3,*impression,n.印象
第31天 Unit 8 Lesson 3,*impressive,adj.给人留下深刻印象的
第31天 Unit 8 Lesson 3,depress,v.使沮丧;使萧条
第31天 Unit 8 Lesson 3,*depression,n.沮丧;抑郁症;萧条期
第31天 Unit 8 Lesson 3,*depressed,adj.沮丧的;不景气的
第31天 Unit 8 Lesson 3,*depressing,adj.令人沮丧的
第31天 Unit 8 Lesson 3,blue,n.蓝色;天蓝色 adj.蓝色的;悲伤的;忧郁的
第31天 Unit 8 Lesson 3,orange,"n.橙子;橙汁;橙色,橘黄色 adj.橙色的"
第31天 Unit 8 Lesson 3,pale,"adj.苍白的;浅的,淡的 v.变苍白"
第32天 Unit 8 Lesson 4,,
第32天 Unit 8 Lesson 4,introduce,v.介绍;采用;引进
第32天 Unit 8 Lesson 4,*introduction,n.介绍;采用;引进
第32天 Unit 8 Lesson 4,initiate,v.开始;发起;创始
第32天 Unit 8 Lesson 4,*initiative,"n.主动性,积极性;主动权"
第32天 Unit 8 Lesson 4,*initial,adj.开始的;最初的
第32天 Unit 8 Lesson 4,*initially,"adv.最初,开始"
第32天 Unit 8 Lesson 4,launch,v.发行;发起;启动;发射 n.发射;发行
第32天 Unit 8 Lesson 4,negotiate,v.谈判;协商;商定
第32天 Unit 8 Lesson 4,succeed,v.成功;继任;随后出现
第32天 Unit 8 Lesson 4,success,"n.成功,胜利;成功的人(或事物)"
第32天 Unit 8 Lesson 4,*successful,adj.成功的
第32天 Unit 8 Lesson 4,succession,"n.连续的人(或事物);一连串,一系列;继任;交替"
第32天 Unit 8 Lesson 4,successive,"adj.接连的,连续的"
第32天 Unit 8 Lesson 4,fail,v.失败;未能(做到);不及格;衰退
第32天 Unit 8 Lesson 4,*failure,n.失败;故障;失败者
第32天 Unit 8 Lesson 4,regulate,v.管理;调节;控制
第32天 Unit 8 Lesson 4,*regulation,"n.规章,规则;管理;监管"
第32天 Unit 8 Lesson 4,*regulatory,"adj.具有监管权的,监管的"
第32天 Unit 8 Lesson 4,regular,adj.有规律的;经常做(或发生)的;惯常的;普通的
第32天 Unit 8 Lesson 4,*regularly,adv.有规律地
第32天 Unit 8 Lesson 4,*irregular,adj.不整齐的;不规则的;无规律的
第32天 Unit 8 Lesson 4,relevant,adj.有关的;切题的
第32天 Unit 8 Lesson 4,relate,"v.联系;叙述,讲述"
第32天 Unit 8 Lesson 4,*relation,n.关系;联系
第32天 Unit 8 Lesson 4,relationship,n.关系;联系
第32天 Unit 8 Lesson 4,relative,adj.比较的;相对的 n.亲戚
第32天 Unit 8 Lesson 4,related,adj.相关的;有关系的
第32天 Unit 8 Lesson 4,remind,v.提醒;使想起
第32天 Unit 8 Lesson 4,mindset,n.观念模式;思维倾向
第32天 Unit 8 Lesson 4,recall,v.回忆起;使想起;召回
第32天 Unit 8 Lesson 4,replace,"v.代替,取代"
第32天 Unit 8 Lesson 4,*replacement,"n.替换;替代品,接替者"
第32天 Unit 8 Lesson 4,rescue,"n./v.营救,救援"
第32天 Unit 8 Lesson 4,relieve,"v.缓解,缓和;减轻"
第32天 Unit 8 Lesson 4,relief,n.轻松;减轻;缓和
第32天 Unit 8 Lesson 4,religion,n.宗教;宗教信仰
第32天 Unit 8 Lesson 4,*religious,adj.宗教的;虔诚的
第32天 Unit 8 Lesson 4,reluctant,"adj.不情愿的,勉强的"
第32天 Unit 8 Lesson 4,awkward,adj.令人尴尬的;笨拙的
第32天 Unit 8 Lesson 4,willing,"adj.愿意的,自愿的"
第32天 Unit 8 Lesson 4,*willingness,n.愿意
第32天 Unit 8 Lesson 4,*unwilling,"adj.不愿意的,勉强的"
第32天 Unit 8 Lesson 4,volunteer,n.志愿者;自告奋勇者;志愿兵 v.自愿做
第32天 Unit 8 Lesson 4,voluntary,"adj.自愿的,志愿的"
第32天 Unit 8 Lesson 4,pioneer,"n.先锋,先驱;拓荒者 v.当开拓者;做先锋"
第32天 Unit 8 Lesson 4,spy,n.间谍
第32天 Unit 8 Lesson 4,aspect,n.方面;外观
第32天 Unit 8 Lesson 4,respect,n.尊敬;方面 v.尊重;重视
第32天 Unit 8 Lesson 4,*respectable,adj.体面的;值得尊敬的
第32天 Unit 8 Lesson 4,*respectful,"adj.有礼貌的,尊敬的"
第32天 Unit 8 Lesson 4,*respective,"adj.各自的,分别的"
第32天 Unit 8 Lesson 4,*respectively,adv.各自地;依次地
第32天 Unit 8 Lesson 4,expect,"v.期待,预料"
第32天 Unit 8 Lesson 4,*expectation,"n.期望,希望"
第32天 Unit 8 Lesson 4,*unexpected,adj.出乎意料的
第32天 Unit 8 Lesson 4,speculate,v.推测;投机
第32天 Unit 8 Lesson 4,inspect,v.调查;检查
第32天 Unit 8 Lesson 4,*inspection,n.检查;视察
第32天 Unit 8 Lesson 4,suspect,v.怀疑 n.嫌疑分子 adj.可疑的
第32天 Unit 8 Lesson 4,*suspicion,"n.猜疑,怀疑"
第32天 Unit 8 Lesson 4,*suspicious,"adj.可疑的,猜疑的"
第32天 Unit 8 Lesson 4,perspective,"n.看法,观点"
第32天 Unit 8 Lesson 4,standpoint,n.立场;观点
第32天 Unit 8 Lesson 4,prospect,n.前途;前景;预期;设想
第32天 Unit 8 Lesson 4,prosperity,"n.兴旺,繁荣,昌盛"
第32天 Unit 8 Lesson 4,*prosper,"v.繁荣,兴旺,发达"
第32天 Unit 8 Lesson 4,*prosperous,"adj.繁荣的,兴旺的,发达的"
第32天 Unit 8 Lesson 4,stagnant,adj.停滞的;不发展的;无变化的
第32天 Unit 8 Lesson 4,minimum,n.最小值;最低限度 adj.最小的;最低限度的
第32天 Unit 8 Lesson 4,minimal,adj.极小的;极少的
第32天 Unit 8 Lesson 4,minus,"adj.负的;负面的,不利的 prep.减"
第32天 Unit 8 Lesson 4,tiny,"adj.极小的,微小的"
第32天 Unit 8 Lesson 4,minute,n.分钟;一会儿
第32天 Unit 8 Lesson 4,maximum,n.最大值;最大限度 adj.最多的;最大极限的
第32天 Unit 8 Lesson 4,*maximise/-ize,v.使增加到最大限度;充分利用
第32天 Unit 8 Lesson 4,minor,adj.较小的;次要的;轻微的
第32天 Unit 8 Lesson 4,*minority,n.少数(派);少数民族
第32天 Unit 8 Lesson 4,major,adj.主要的;重要的 n.主修课程 v.主修
第32天 Unit 8 Lesson 4,majority,"n.大部分,大多数"
第32天 Unit 8 Lesson 4,medium,"adj.中等的;中号的 n.(传播信息的)媒介,方法"
第33天 Unit 9 Lesson 1,,
第33天 Unit 9 Lesson 1,minister,"n.大臣,部长;牧师"
第33天 Unit 9 Lesson 1,administer,v.管理;执行
第33天 Unit 9 Lesson 1,administration,n.管理;行政(机构);实施
第33天 Unit 9 Lesson 1,*administrative,"adj.管理的,行政的"
第33天 Unit 9 Lesson 1,mayor,n.市长
第33天 Unit 9 Lesson 1,secretary,"n.秘书;干事,文书;部长"
第33天 Unit 9 Lesson 1,government,"n.政府,内阁;统治,管理"
第33天 Unit 9 Lesson 1,govern,v.统治;控制;支配
第33天 Unit 9 Lesson 1,*governor,"n.统治者,管理者"
第33天 Unit 9 Lesson 1,ruler,"n.尺子,直尺;统治者,支配者"
第33天 Unit 9 Lesson 1,policy,n.政策;方针;原则
第33天 Unit 9 Lesson 1,power,"n.权力;能力;力量;政权 v.驱动,推动"
第33天 Unit 9 Lesson 1,*powerful,adj.有权势的;力量大的
第33天 Unit 9 Lesson 1,violent,adj.暴力的;猛烈的
第33天 Unit 9 Lesson 1,*violence,"n.暴力,暴行"
第33天 Unit 9 Lesson 1,violate,"v.违反;侵犯,妨碍;亵渎"
第33天 Unit 9 Lesson 1,virtue,n.优点;美德;正直的品性;良好习惯
第33天 Unit 9 Lesson 1,via,"prep.经由,经过;通过,凭借"
第33天 Unit 9 Lesson 1,shallow,adj.浅的;肤浅的
第33天 Unit 9 Lesson 1,deep,"adj.深的;深刻的;严重的 adv.在深处,深深地"
第33天 Unit 9 Lesson 1,*deeply,"adv.很,非常;深刻地,强烈地"
第33天 Unit 9 Lesson 1,depth,n.向下的距离;深(度)
第33天 Unit 9 Lesson 1,shadow,"n.影子,阴影;(坏)影响"
第33天 Unit 9 Lesson 1,hollow,n.山谷;洼地 adj.空的;空虚的
第33天 Unit 9 Lesson 1,swallow,"n.燕子 v.吞下,咽下"
第33天 Unit 9 Lesson 1,lower,v.降低 adj.更低的;下面的
第33天 Unit 9 Lesson 1,*low,"adj.低的;低级的,下层的 adv.向下;低声地"
第33天 Unit 9 Lesson 1,narrow,adj.狭窄的;狭隘的
第33天 Unit 9 Lesson 1,sharp,adj.锋利的;急剧的;清晰的
第33天 Unit 9 Lesson 1,shape,"n.形状,外形,身材;状况 v.形成,塑造"
第33天 Unit 9 Lesson 1,shelter,n.掩蔽;避难所 v.提供庇护;躲避
第33天 Unit 9 Lesson 1,shade,"n.阴凉处;暗处 v.为……遮挡,遮蔽"
第33天 Unit 9 Lesson 1,tunnel,"n.地道,隧道;洞穴通道"
第33天 Unit 9 Lesson 1,leak,"v.漏,渗;泄露 n.漏洞;泄漏"
第33天 Unit 9 Lesson 1,gap,"n.缝隙,缺口;间隔;差距"
第33天 Unit 9 Lesson 1,slide,v.滑行;下跌 n.滑梯;滑行;跌落
第33天 Unit 9 Lesson 1,swing,"n.摆动;转动;秋千 v.(使)摆动,摇荡"
第33天 Unit 9 Lesson 1,wing,"n.翼,翅膀"
第33天 Unit 9 Lesson 1,phrase,n.成语;习语;短语
第33天 Unit 9 Lesson 1,sweep,v.打扫;清除;席卷 n.清扫;巡行
第33天 Unit 9 Lesson 1,spite,"n.恶意,怨恨 v.故意使烦恼"
第33天 Unit 9 Lesson 1,split,v.(使)分裂;(使)产生分歧;分开
第33天 Unit 9 Lesson 1,slip,v.滑(倒);溜走
第33天 Unit 9 Lesson 1,*slippery,"adj.滑的,光滑的"
第33天 Unit 9 Lesson 1,incline,v.(使)倾斜;(使)倾向于 n.斜坡;斜度
第33天 Unit 9 Lesson 1,*inclined,adj.想(做某事);有……倾向;很可能
第33天 Unit 9 Lesson 1,decline,"v.下降,衰落;谢绝 n.减少,下降"
第33天 Unit 9 Lesson 1,slope,n.斜坡 v.倾斜
第33天 Unit 9 Lesson 1,steep,"adj.陡峭的,险峻的;过高的;急剧的"
第33天 Unit 9 Lesson 1,attract,v.吸引;使喜爱;引起……的好感
第33天 Unit 9 Lesson 1,*attractive,adj.有吸引力的;诱人的
第33天 Unit 9 Lesson 1,*attraction,"n.吸引,吸引力"
第33天 Unit 9 Lesson 1,distract,v.分散;使分心
第33天 Unit 9 Lesson 1,fascinate,v.深深吸引;迷住
第33天 Unit 9 Lesson 1,obsess,v.使痴迷;使心神不宁
第33天 Unit 9 Lesson 1,*obsession,n.痴迷;困扰;使人痴迷的人(或物)
第33天 Unit 9 Lesson 1,absorb,v.吸收(液体、知识等);理解;使全神贯注;同化
第33天 Unit 9 Lesson 1,straw,n.稻草;吸管
第33天 Unit 9 Lesson 1,occupy,"v.使用,占用;忙着(做某事)"
第33天 Unit 9 Lesson 1,*occupation,"n.职业,工作;使用,占用"
第33天 Unit 9 Lesson 1,abstract,adj.抽象的 n.摘要;抽象派作品 v.提取
第33天 Unit 9 Lesson 1,contract,"n.合同,契约 v.与……订立合同;缩小"
第33天 Unit 9 Lesson 1,drag,"v.拖,拉,拽 n.累赘;无聊的事"
第33天 Unit 9 Lesson 1,subtract,"v.减去,扣除"
第34天 Unit 9 Lesson 2,,
第34天 Unit 9 Lesson 2,inferior,adj.差的;劣等的;级别低的
第34天 Unit 9 Lesson 2,super,adj.极好的;超级的 adv.特别
第34天 Unit 9 Lesson 2,supermarket,n.超级市场;超市
第34天 Unit 9 Lesson 2,superior,"adj.更高级的;更好的 n.级别更高的人,上级"
第34天 Unit 9 Lesson 2,supreme,adj.最高的;至高无上的;最大的
第34天 Unit 9 Lesson 2,supervise,"v.监督,管理,指导"
第34天 Unit 9 Lesson 2,*supervision,"n.监督,管理,指导"
第34天 Unit 9 Lesson 2,monitor,"n.班长;监督员;监视器 v.监视,监测"
第34天 Unit 9 Lesson 2,visit,v./n.访问;参观;看望;逗留
第34天 Unit 9 Lesson 2,*visitor,"n.来访者,访问者;参观者,游客"
第34天 Unit 9 Lesson 2,superficial,"adj.肤浅的,表面的"
第34天 Unit 9 Lesson 2,visible,adj.可见的;明显的
第34天 Unit 9 Lesson 2,invisible,adj.看不见的;无形的
第34天 Unit 9 Lesson 2,vision,n.视力;视野;幻象;远见卓识
第34天 Unit 9 Lesson 2,video,n.录像;视频
第34天 Unit 9 Lesson 2,devise,"v.设计,发明;想出"
第34天 Unit 9 Lesson 2,revise,v.修改;复习
第34天 Unit 9 Lesson 2,*revision,"n.修改,修订;复习"
第34天 Unit 9 Lesson 2,review,v.复习 n.回顾;检查;评论;检阅
第34天 Unit 9 Lesson 2,view,n.看;看法;风景 v.看;看待;观察
第34天 Unit 9 Lesson 2,surround,v.包围;环绕
第34天 Unit 9 Lesson 2,surroundings,n.环境
第34天 Unit 9 Lesson 2,circumstance,n.条件;环境;状况
第34天 Unit 9 Lesson 2,circle,"n.圆;圈子,阶层 v.环绕;画圈"
第34天 Unit 9 Lesson 2,circuit,n.环行;环行路线;电路;赛车道
第34天 Unit 9 Lesson 2,climate,n.气候;氛围;形势
第34天 Unit 9 Lesson 2,atmosphere,n.大气;空气;气氛
第34天 Unit 9 Lesson 2,environment,n.环境;自然环境
第34天 Unit 9 Lesson 2,*environmental,adj.自然环境的;生态环境的;(有关)环境的
第34天 Unit 9 Lesson 2,pollute,"v.污染,弄脏"
第34天 Unit 9 Lesson 2,pollution,n.污染;污染物;垃圾
第34天 Unit 9 Lesson 2,greenhouse,"n.温室,暖房"
第34天 Unit 9 Lesson 2,recycle,v.回收;再循环
第34天 Unit 9 Lesson 2,fog,n.雾;困惑
第34天 Unit 9 Lesson 2,*foggy,adj.有雾的
第34天 Unit 9 Lesson 2,cigaret(te),"n.香烟,纸烟,卷烟"
第34天 Unit 9 Lesson 2,alcohol,"n.酒精,乙醇;酒"
第34天 Unit 9 Lesson 2,joke,"n.玩笑,笑话;笑柄 v.开玩笑"
第34天 Unit 9 Lesson 2,revive,"v.(使)苏醒,复活;恢复"
第34天 Unit 9 Lesson 2,*revival,"n.复兴,再流行;复苏"
第34天 Unit 9 Lesson 2,vivid,"adj.生动的,逼真的;鲜艳的"
第34天 Unit 9 Lesson 2,survive,"v.生存;幸存,幸免于难;艰难度过"
第34天 Unit 9 Lesson 2,*survival,"n.生存;存活,幸存"
第34天 Unit 9 Lesson 2,*survivor,"n.生还者,幸存者"
第34天 Unit 9 Lesson 2,death,"n.死,死亡;毁灭"
第34天 Unit 9 Lesson 2,breath,n.呼吸;一口气;微量
第34天 Unit 9 Lesson 2,breathe,v.呼吸
第34天 Unit 9 Lesson 2,live,"v.活着,生活;居住 adj.活的;直播的"
第34天 Unit 9 Lesson 2,living,adj.活着的 n.生计;谋生;收入
第34天 Unit 9 Lesson 2,lively,adj.活跃的;精力充沛的
第34天 Unit 9 Lesson 2,alive,adj.活着的;继续存在的
第34天 Unit 9 Lesson 2,evil,"adj.恶毒的,邪恶的 n.邪恶"
第34天 Unit 9 Lesson 2,terror,n.恐惧;恐怖行动
第34天 Unit 9 Lesson 2,*terrorist,n.恐怖分子
第34天 Unit 9 Lesson 2,*terrorism,n.恐怖主义
第34天 Unit 9 Lesson 2,horror,n.震惊;恐惧;恐怖故事
第34天 Unit 9 Lesson 2,*horrible,adj.可怕的;糟糕的;讨厌的
第34天 Unit 9 Lesson 2,trap,v.使陷入困境 n.陷阱;圈套;诡计;困境
第34天 Unit 9 Lesson 2,dilemma,"n.(进退两难的)窘境,困境"
第34天 Unit 9 Lesson 2,trace,"n.痕迹;踪迹 v.追踪,跟踪;找到;追溯"
第34天 Unit 9 Lesson 2,race,n.赛跑;竞争;种族 v.比赛
第34天 Unit 9 Lesson 2,*racial,"adj.人种的,种族的"
第34天 Unit 9 Lesson 2,hunt,"n./v.打猎;搜寻,搜索"
第34天 Unit 9 Lesson 2,*hunter,n.猎人;狩猎者
第34天 Unit 9 Lesson 2,seek,v.寻找;探索
第34天 Unit 9 Lesson 2,trail,n.踪迹;痕迹;路线 v.跟踪;拖
第34天 Unit 9 Lesson 2,railway,"n.铁路,铁道;铁路公司;铁路部门"
第34天 Unit 9 Lesson 2,route,"n.路线;途径,渠道"
第34天 Unit 9 Lesson 2,track,"n.轨道;踪迹 v.跟踪,追踪"
第34天 Unit 9 Lesson 2,lane,"n.(乡间)小路,小巷;车道"
第35天 Unit 9 Lesson 3,,
第35天 Unit 9 Lesson 3,normal,"adj.典型的;正常的,一般的 n.常态;通常标准"
第35天 Unit 9 Lesson 3,*normally,adv.通常;正常地
第35天 Unit 9 Lesson 3,abnormal,adj.不正常的;反常的
第35天 Unit 9 Lesson 3,abandon,"v.遗弃,抛弃;放弃;陷入"
第35天 Unit 9 Lesson 3,abolish,"v.废除,废止"
第35天 Unit 9 Lesson 3,*abolition,"n.废除,废止"
第35天 Unit 9 Lesson 3,abuse,n.滥用;虐待;辱骂 v.滥用;虐待;辱骂
第35天 Unit 9 Lesson 3,*abusive,adj.滥用的;虐待的
第35天 Unit 9 Lesson 3,enormous,"adj.巨大的,庞大的,极大的"
第35天 Unit 9 Lesson 3,vast,"adj.巨大的,广大的"
第35天 Unit 9 Lesson 3,immense,"adj.巨大的,极大的"
第35天 Unit 9 Lesson 3,giant,adj.巨大的;伟大的 n.巨人;伟人;大公司
第35天 Unit 9 Lesson 3,large,adj.大的;大量的;大规模的;众多的
第35天 Unit 9 Lesson 3,*largely,adv.在很大程度上;多半;主要地
第35天 Unit 9 Lesson 3,tremendous,"adj.巨大的,极大的;极好的"
第35天 Unit 9 Lesson 3,heaven,n.天堂;天空
第35天 Unit 9 Lesson 3,victory,"n.胜利,成功"
第35天 Unit 9 Lesson 3,*victorious,"adj.胜利的,获胜的"
第35天 Unit 9 Lesson 3,triumph,"n.巨大成功,伟大胜利;喜悦 v.打败,战胜"
第35天 Unit 9 Lesson 3,win,"v.获胜,赢;获得"
第35天 Unit 9 Lesson 3,winner,n.获胜者;赢家
第35天 Unit 9 Lesson 3,vary,v.改变;变化;使多样化;不同
第35天 Unit 9 Lesson 3,*variable,"n.变量,可变因素 adj.可变的;易变的,多变的"
第35天 Unit 9 Lesson 3,various,"adj.各种各样的,不同的"
第35天 Unit 9 Lesson 3,variety,n.多样化;种类;变种
第35天 Unit 9 Lesson 3,alter,"v.(使)改变,改动,更改"
第35天 Unit 9 Lesson 3,alternate,v.(使)交替;(使)轮流 adj.交替的 n.代替者
第35天 Unit 9 Lesson 3,alternative,n.可供选择的事物 adj.可供替代的;另类的
第35天 Unit 9 Lesson 3,shift,"v.转移,挪动;改变 n.改变;轮班"
第35天 Unit 9 Lesson 3,rapid,adj.迅速的;瞬间的
第35天 Unit 9 Lesson 3,*rapidly,"adv.快速地,迅速地"
第35天 Unit 9 Lesson 3,speed,v.加速;迅速前行 n.速度;速率;快速
第35天 Unit 9 Lesson 3,rate,n.速度;比率;价格 v.评价;划分等级
第35天 Unit 9 Lesson 3,accelerate,"v.(使)加速,加快"
第35天 Unit 9 Lesson 3,penetrate,"v.进入;渗透,打入(组织、团体等)"
第35天 Unit 9 Lesson 3,exaggerate,"v.夸张,夸大"
第35天 Unit 9 Lesson 3,evolve,"v.进化;(使)演变,(使)发展"
第35天 Unit 9 Lesson 3,*evolution,n.进化;发展
第35天 Unit 9 Lesson 3,*evolutionary,adj.进化的;逐渐发展的
第35天 Unit 9 Lesson 3,revolve,v.旋转;环绕
第35天 Unit 9 Lesson 3,revolution,n.革命;变革;旋转
第35天 Unit 9 Lesson 3,*revolutionary,adj.革命的;突破性的
第35天 Unit 9 Lesson 3,involve,v.涉及;包含;需要
第35天 Unit 9 Lesson 3,innovation,n.创新;改革
第35天 Unit 9 Lesson 3,innovative,"adj.创新的,革新的;富有革新精神的"
第35天 Unit 9 Lesson 3,universe,n.宇宙
第35天 Unit 9 Lesson 3,*universal,adj.普遍的;全体的
第35天 Unit 9 Lesson 3,space,n.太空;空间;外层空间
第35天 Unit 9 Lesson 3,conversation,"n.谈话,交谈,会话"
第35天 Unit 9 Lesson 3,convert,"v.(使)转变,转换;(使)改变信仰 n.改变信仰者"
第35天 Unit 9 Lesson 3,*conversion,"n.转变,转换;转化"
第35天 Unit 9 Lesson 3,*convertible,adj.可改变的;可转换的
第35天 Unit 9 Lesson 3,satellite,n.卫星;人造卫星
第35天 Unit 9 Lesson 3,planet,n.行星;地球
第35天 Unit 9 Lesson 3,globe,"n.地球,世界;地球仪;球体"
第35天 Unit 9 Lesson 3,earth,"n.世界;地球;地面,陆地;土,泥"
第35天 Unit 9 Lesson 3,earthquake,n.地震
第35天 Unit 9 Lesson 3,diverse,adj.不同的;多种多样的
第35天 Unit 9 Lesson 3,reverse,v.逆转 adj.相反的;反向的 n.相反的情况
第35天 Unit 9 Lesson 3,*reversely,adv.相对地;反对地
第35天 Unit 9 Lesson 3,anniversary,n.周年纪念日
第35天 Unit 9 Lesson 3,annual,adj.每年的;年度的;一年一次的
第36天 Unit 9 Lesson 4,,
第36天 Unit 9 Lesson 4,centre/-ter,"n.中心,中央"
第36天 Unit 9 Lesson 4,*central,"adj.最重要的,首要的;在中心的"
第36天 Unit 9 Lesson 4,core,"n.中心,核心;果核 adj.核心的;主要的"
第36天 Unit 9 Lesson 4,decorate,v.装饰;装修
第36天 Unit 9 Lesson 4,*decoration,n.装饰;修饰
第36天 Unit 9 Lesson 4,incentive,n.动机;刺激;激励
第36天 Unit 9 Lesson 4,decent,"adj.得体的,体面的;正派的"
第36天 Unit 9 Lesson 4,accent,n.口音;腔调;重音
第36天 Unit 9 Lesson 4,tone,n.音调;语气;腔调 v.使(皮肤、肌肉等)更强健
第36天 Unit 9 Lesson 4,tune,n.曲调;曲子 v.调整;使协调
第36天 Unit 9 Lesson 4,oral,adj.口头的;口腔的 n.口试
第36天 Unit 9 Lesson 4,recent,"adj.近来的,新近的"
第36天 Unit 9 Lesson 4,*recently,adv.最近;不久前
第36天 Unit 9 Lesson 4,century,n.世纪;百年
第36天 Unit 9 Lesson 4,concentrate,"v.集中(注意力),专心;聚精会神 n.浓缩物"
第36天 Unit 9 Lesson 4,*concentration,n.专心;浓度
第36天 Unit 9 Lesson 4,focus,n.焦点;中心 v.(使)聚焦;集中(注意力、精力等)
第36天 Unit 9 Lesson 4,attention,"n.注意力,专心,留心"
第36天 Unit 9 Lesson 4,emphasise/-ize,v.强调;重视;使突出
第36天 Unit 9 Lesson 4,*emphasis,n.强调;重视
第36天 Unit 9 Lesson 4,analyse/-yze,v.分析
第36天 Unit 9 Lesson 4,*analyst,"n.分析者,化验员"
第36天 Unit 9 Lesson 4,analysis,n.分析
第36天 Unit 9 Lesson 4,quality,n.质量;品质;素质 adj.优质的;高质量的
第36天 Unit 9 Lesson 4,qualify,v.取得资格(或学历);(使)合格;(使)有权
第36天 Unit 9 Lesson 4,*qualification,n.资格;学历;资历
第36天 Unit 9 Lesson 4,*qualified,adj.具备……的学历;符合资格
第36天 Unit 9 Lesson 4,quantity,"n.量,数量"
第36天 Unit 9 Lesson 4,amount,n.数量 v.等于;总计
第36天 Unit 9 Lesson 4,stock,n.库存;股票 v.存货;贮存
第36天 Unit 9 Lesson 4,store,"n.商店 v.贮存,贮藏"
第36天 Unit 9 Lesson 4,restore,v.恢复;修复;归还
第36天 Unit 9 Lesson 4,*restoration,n.恢复;修复
第36天 Unit 9 Lesson 4,blank,adj.空白的;空着的 n.空白(处);空格
第36天 Unit 9 Lesson 4,blanket,"n.毛毯,毯子"
第36天 Unit 9 Lesson 4,pet,n.宠物;宠儿
第36天 Unit 9 Lesson 4,appetite,n.胃口;喜爱
第36天 Unit 9 Lesson 4,pat,v./n.轻拍
第36天 Unit 9 Lesson 4,career,n.职业;事业
第36天 Unit 9 Lesson 4,scarce,"adj.缺乏的,不足的;稀少的"
第36天 Unit 9 Lesson 4,*scarcely,adv.勉强;几乎不
第36天 Unit 9 Lesson 4,carbon,n.碳
第36天 Unit 9 Lesson 4,rare,adj.稀少的;珍贵的
第36天 Unit 9 Lesson 4,*rarely,"adv.罕有,很少,不常"
第36天 Unit 9 Lesson 4,hardly,"adv.几乎不;才,刚刚"
第36天 Unit 9 Lesson 4,seldom,"adv.很少,不常"
第36天 Unit 9 Lesson 4,vehicle,"n.交通工具,车辆;工具"
第36天 Unit 9 Lesson 4,automatic,adj.自动的;无意识的 n.自动换挡汽车
第36天 Unit 9 Lesson 4,autonomy,n.自治(权);自主(权)
第36天 Unit 9 Lesson 4,engine,"n.发动机,引擎;机车;火车头"
第36天 Unit 9 Lesson 4,engineer,n.工程师;技师
第36天 Unit 9 Lesson 4,*engineering,n.工程;工程学
第36天 Unit 9 Lesson 4,garage,n.车库;汽车修理厂
第36天 Unit 9 Lesson 4,shelf,n.架;搁板
第36天 Unit 9 Lesson 4,oven,n.烤箱;烤炉
第36天 Unit 9 Lesson 4,character,"n.品质,性格;特点,特征;人物,角色"
第36天 Unit 9 Lesson 4,characteristic,"n.特征,特点 adj.特有的,典型的"
第36天 Unit 9 Lesson 4,characterise/-ize,v.是……的特征;描述
第36天 Unit 9 Lesson 4,trait,"n.(人的个性的)特征,特点"
第36天 Unit 9 Lesson 4,feature,"n.特色,特征,特点 v.以……为特色"
第36天 Unit 9 Lesson 4,feather,n.羽毛;翎毛;羽状物
第36天 Unit 9 Lesson 4,identity,"n.身份;特性;同一性,一致"
第36天 Unit 9 Lesson 4,identify,"v.认出,识别;找到"
第36天 Unit 9 Lesson 4,*identification,"n.鉴别,识别;身份证明"
第36天 Unit 9 Lesson 4,doubt,v.怀疑;不相信 n.不确定;疑问
第36天 Unit 9 Lesson 4,*undoubtedly,"adv.无疑地,肯定地"
第36天 Unit 9 Lesson 4,doubtful,adj.不确定的;怀疑的
第36天 Unit 9 Lesson 4,sceptical/skeptical,adj.表示怀疑的;不相信的
第36天 Unit 9 Lesson 4,*scepticism/skepticism,n.怀疑态度;怀疑主义
第36天 Unit 9 Lesson 4,certain,adj.某一;确定的;一定的 pron.某些
第36天 Unit 9 Lesson 4,*certainly,adv.当然;肯定;无疑
第36天 Unit 9 Lesson 4,uncertain,adj.犹豫的;不确定的
第36天 Unit 9 Lesson 4,certificate,"n.证书,证明书;合格证书"
第36天 Unit 9 Lesson 4,licence/-se,"n.执照,许可证"
第36天 Unit 9 Lesson 4,sure,"adj.确信的,当然的 adv.确信地,当然地"
第36天 Unit 9 Lesson 4,insure,v.投保;承保
第36天 Unit 9 Lesson 4,*insurance,n.保险;保费;保障措施
第36天 Unit 9 Lesson 4,assure,v.向……保证;使确信
第36天 Unit 9 Lesson 4,ensure,"v.保证,确保"
第37天 Unit 10 Lesson 1,,
第37天 Unit 10 Lesson 1,crazy,adj.疯狂的;狂热的
第37天 Unit 10 Lesson 1,fan,"n.狂热爱好者,迷;扇子,风扇"
第37天 Unit 10 Lesson 1,fancy,n./v.想象;想要;喜欢 adj.精致的;绚丽的
第37天 Unit 10 Lesson 1,fantasy,"n.幻想,想象"
第37天 Unit 10 Lesson 1,fantastic,adj.极好的;了不起的
第37天 Unit 10 Lesson 1,coast,n.海岸;海滨
第37天 Unit 10 Lesson 1,*coastal,adj.沿海的;靠近海岸的
第37天 Unit 10 Lesson 1,sail,v.航行;乘船航行;驾驶(帆船) n.帆;航行
第37天 Unit 10 Lesson 1,*sailor,n.海员;水手
第37天 Unit 10 Lesson 1,voyage,n./v.航行;旅行
第37天 Unit 10 Lesson 1,marine,adj.海洋的;海产的;海事的
第37天 Unit 10 Lesson 1,seal,v.封上(信封);密封 n.印章;密封装置
第37天 Unit 10 Lesson 1,conceal,v.隐藏;隐瞒;掩盖
第37天 Unit 10 Lesson 1,wreck,"n.沉船;失事;交通事故 v.破坏,毁坏"
第37天 Unit 10 Lesson 1,beach,n.海滩;沙滩;海滨
第37天 Unit 10 Lesson 1,physical,adj.身体的;物质的;物理学的
第37天 Unit 10 Lesson 1,physics,n.物理学
第37天 Unit 10 Lesson 1,*physicist,n.物理学家
第37天 Unit 10 Lesson 1,fat,adj.肥胖的;大量的 n.脂肪;肥肉
第37天 Unit 10 Lesson 1,obesity,n.肥胖
第37天 Unit 10 Lesson 1,*obese,"adj.臃肿的,肥胖的"
第37天 Unit 10 Lesson 1,slim,"adj.苗条的;修长的;纤细的;小的,少的"
第37天 Unit 10 Lesson 1,slice,n.薄片;小块;部分 v.切
第37天 Unit 10 Lesson 1,lean,"v.倾斜,倾向;倚靠 adj.精简的;苗条的,瘦的"
第37天 Unit 10 Lesson 1,thin,adj.薄的;瘦的;细的;稀薄的
第37天 Unit 10 Lesson 1,weight,n.重量;体重;重担 v.使负重
第37天 Unit 10 Lesson 1,weigh,v.有……重;称重量;权衡;认真考虑
第37天 Unit 10 Lesson 1,overweight,"adj.太胖的,超重的"
第37天 Unit 10 Lesson 1,volume,n.体积;容积;音量;一卷
第37天 Unit 10 Lesson 1,vessel,n.船;容器;脉管;导管
第37天 Unit 10 Lesson 1,litre/-ter,n.升(容量单位)
第37天 Unit 10 Lesson 1,little,adj.小的;幼小的 adv./det./pron.少量(的)
第37天 Unit 10 Lesson 1,less,pron./adv.更少(地);更小(地)
第37天 Unit 10 Lesson 1,soul,n.灵魂;内心;精神世界
第37天 Unit 10 Lesson 1,mental,adj.精神的;智力的;思想的
第37天 Unit 10 Lesson 1,fundamental,adj.基础的;根本的;重要的
第37天 Unit 10 Lesson 1,fund,"n.资金;基金 v.为……提供资金,拨款给……"
第37天 Unit 10 Lesson 1,total,"adj.总的,全部的 n.总数,总计"
第37天 Unit 10 Lesson 1,*totally,"adv.全部地,完全地"
第37天 Unit 10 Lesson 1,whole,"n.整个;全部,全体 adj.全部的;完整的"
第37天 Unit 10 Lesson 1,sum,"n.金额;算术;总数 v.总结;合计,总计"
第37天 Unit 10 Lesson 1,digital,adj.数字的;数码的
第37天 Unit 10 Lesson 1,fatal,adj.严重的;致命的
第37天 Unit 10 Lesson 1,talent,n.天赋;天才
第37天 Unit 10 Lesson 1,genius,"n.天才;天赋;才能,本领"
第37天 Unit 10 Lesson 1,gift,n.礼物;赠品;天赋;天才
第37天 Unit 10 Lesson 1,present,v.提出;展示 adj.出席的;现在的 n.礼物;现在
第37天 Unit 10 Lesson 1,*presence,"n.在场,出席;出现;存在"
第37天 Unit 10 Lesson 1,peasant,n.农民
第37天 Unit 10 Lesson 1,absent,adj.缺席的;不存在的
第37天 Unit 10 Lesson 1,*absent-minded,adj.心不在焉的
第37天 Unit 10 Lesson 1,absence,n.缺席
第37天 Unit 10 Lesson 1,represent,v.代表;作为……的代言人;维护……的利益
第37天 Unit 10 Lesson 1,*representation,"n.代理,代表;描绘,表现"
第37天 Unit 10 Lesson 1,representative,n.代表 adj.典型的;有代表性的
第37天 Unit 10 Lesson 1,behalf,n.代表;利益
第37天 Unit 10 Lesson 1,delegate,n.代表 v.授(权)
第37天 Unit 10 Lesson 1,important,"adj.重要的,重大的"
第37天 Unit 10 Lesson 1,importance,n.重要(性)
第37天 Unit 10 Lesson 1,necessary,adj.必需的;必要的;必然的
第37天 Unit 10 Lesson 1,*necessarily,adv.必然地;不可避免地
第37天 Unit 10 Lesson 1,necessity,n.必要;必然性;必需品
第37天 Unit 10 Lesson 1,unnecessary,adj.不需要的;不必要的
第37天 Unit 10 Lesson 1,vital,adj.至关重要的;必不可少的
第37天 Unit 10 Lesson 1,indispensable,"adj.必不可少的,不可或缺的"
第37天 Unit 10 Lesson 1,inevitable,adj.不可避免的;不能防止的
第37天 Unit 10 Lesson 1,essential,adj.必不可少的;本质的 n.必需品;要素
第37天 Unit 10 Lesson 1,critical,adj.批评的;关键的;危急的
第37天 Unit 10 Lesson 1,critic,"n.批评家,评论家"
第37天 Unit 10 Lesson 1,criticism,n.批评;批判;评论
第37天 Unit 10 Lesson 1,criticise/-ize,v.批评;评论
第37天 Unit 10 Lesson 1,ironic,adj.反语的;讽刺的;好笑的
第37天 Unit 10 Lesson 1,primary,adj.小学教育的;初等教育的;主要的;最初的
第37天 Unit 10 Lesson 1,*primarily,adv.主要地;根本地
第37天 Unit 10 Lesson 1,prime,adj.主要的;优质的 n.盛年;鼎盛时期
第37天 Unit 10 Lesson 1,preliminary,adj.预备性的;初步的 n.初步行动(或活动)
第37天 Unit 10 Lesson 1,primitive,adj.原始的;落后的
第37天 Unit 10 Lesson 1,secondary,adj.次要的;从属的;中学的
第38天 Unit 10 Lesson 2,,
第38天 Unit 10 Lesson 2,sign,n.迹象;标志;手势 v.签(名);签字;签约;示意
第38天 Unit 10 Lesson 2,signal,n.信号;标志 v.发信号;表明
第38天 Unit 10 Lesson 2,signature,n.署名;签字
第38天 Unit 10 Lesson 2,significant,"adj.重要的,有重大意义的;显著的"
第38天 Unit 10 Lesson 2,*significance,n.重要性;意义
第38天 Unit 10 Lesson 2,*significantly,adv.显著地;明显地
第38天 Unit 10 Lesson 2,assign,v.分配(某物);指派;委派
第38天 Unit 10 Lesson 2,*assignment,n.任务;分派
第38天 Unit 10 Lesson 2,mark,n.标记;成绩;等级 v.做记号;标记
第38天 Unit 10 Lesson 2,remark,n.言论;评述 v.说起;评论
第38天 Unit 10 Lesson 2,remarkable,"adj.非凡的;显著的,引人注目的"
第38天 Unit 10 Lesson 2,comment,n.议论;评论;解释 v.表达意见
第38天 Unit 10 Lesson 2,symbol,"n.象征;符号,记号"
第38天 Unit 10 Lesson 2,*symbolic,adj.象征的;符号的
第38天 Unit 10 Lesson 2,*symbolise/-ize,"v.象征,代表"
第38天 Unit 10 Lesson 2,brand,n.商标;品牌
第38天 Unit 10 Lesson 2,label,n.标签;商标 v.贴标签于
第38天 Unit 10 Lesson 2,symptom,n.症状;征兆
第38天 Unit 10 Lesson 2,sympathy,"n.同情;赞同,支持"
第38天 Unit 10 Lesson 2,*sympathise/-ize,"v.同情;赞同,支持"
第38天 Unit 10 Lesson 2,mercy,"n.仁慈;幸运,恩惠"
第38天 Unit 10 Lesson 2,pity,"n.同情;遗憾,可惜"
第38天 Unit 10 Lesson 2,regret,v.感到遗憾;懊悔 n.遗憾;懊悔
第38天 Unit 10 Lesson 2,apologise/-ize,v.道歉
第38天 Unit 10 Lesson 2,*apology,n.道歉
第38天 Unit 10 Lesson 2,forgive,v.原谅
第38天 Unit 10 Lesson 2,forget,"v.遗忘,忘记"
第38天 Unit 10 Lesson 2,*forgettable,"adj.易被忘记的,容易遗忘的"
第38天 Unit 10 Lesson 2,reason,n.原因;道理;理性 v.推理;思考
第38天 Unit 10 Lesson 2,*reasonable,adj.公平的;合理的;明智的
第38天 Unit 10 Lesson 2,sake,n.缘故;为了……起见
第38天 Unit 10 Lesson 2,element,n.要素;因素;基础
第38天 Unit 10 Lesson 2,*elementary,adj.基本的;初级的
第38天 Unit 10 Lesson 2,factor,n.因素;要素
第38天 Unit 10 Lesson 2,cause,v.导致 n.原因;理由
第38天 Unit 10 Lesson 2,because,conj.因为
第38天 Unit 10 Lesson 2,due,adj.由于;预期的;应得的 n.应付款
第38天 Unit 10 Lesson 2,increase,n.增加;增长;增多 v.增加;增长;增多
第38天 Unit 10 Lesson 2,increasingly,adv.越来越多地;不断增加地
第38天 Unit 10 Lesson 2,decrease,"n.降低,下降;减少 v.降低,下降;减少"
第38天 Unit 10 Lesson 2,reduce,v.减少;缩小
第38天 Unit 10 Lesson 2,reduction,"n.减少,缩小;降低"
第38天 Unit 10 Lesson 2,plus,prep.加 n.优势;加号 adj.余;零上的 conj.另外
第38天 Unit 10 Lesson 2,shrink,"v.(使)收缩;(使)减少;退缩,畏缩"
第38天 Unit 10 Lesson 2,home,n.家;家庭;家乡 adv.在家;到家
第38天 Unit 10 Lesson 2,*homeless,adj.无家可归的
第38天 Unit 10 Lesson 2,*homeland,n.家乡;祖国
第38天 Unit 10 Lesson 2,house,"n.住宅,房子"
第38天 Unit 10 Lesson 2,private,adj.私有的;私人的;私下的;个体的
第38天 Unit 10 Lesson 2,privacy,n.隐私;私密;独处
第38天 Unit 10 Lesson 2,domestic,adj.家庭的;国内的
第38天 Unit 10 Lesson 2,*domestically,adv.国内地;家庭式地
第38天 Unit 10 Lesson 2,dominant,adj.首要的;占支配地位的;(基因)显性的;优势的
第38天 Unit 10 Lesson 2,nation,n.国家;民族;国民
第38天 Unit 10 Lesson 2,*national,adj.国家的;民族的;国有的
第38天 Unit 10 Lesson 2,*native,adj.本地的;本国的 n.本地人;本国人
第38天 Unit 10 Lesson 2,nationality,n.国籍;民族
第38天 Unit 10 Lesson 2,nationwide,adj.全国性的;全国各地的 adv.在全国范围内
第38天 Unit 10 Lesson 2,country,n.国家;农村
第38天 Unit 10 Lesson 2,countryside,"n.乡下,农村"
第38天 Unit 10 Lesson 2,village,"n.村庄,村镇;村民"
第38天 Unit 10 Lesson 2,urban,adj.城市的;市内的
第38天 Unit 10 Lesson 2,*urbanise/-ize,v.使都市化
第38天 Unit 10 Lesson 2,*urbanisation/-zation,n.城市化
第38天 Unit 10 Lesson 2,rural,"adj.乡村的,农村的"
第38天 Unit 10 Lesson 2,suburb,n.市郊;郊区
第38天 Unit 10 Lesson 2,province,n.省份
第38天 Unit 10 Lesson 2,island,n.岛
第38天 Unit 10 Lesson 2,landlord,n.地主;房东;店主
第38天 Unit 10 Lesson 2,*landlady,n.女地主;女房东;女店主
第38天 Unit 10 Lesson 2,continent,n.洲;大陆
第38天 Unit 10 Lesson 2,enter,"v.进入,进去;参加;加入"
第38天 Unit 10 Lesson 2,*entrance,"n.入口,门口;进入;进入权"
第38天 Unit 10 Lesson 2,entry,n.入口处;进入
第38天 Unit 10 Lesson 2,permanent,adj.永久的;永恒的
第38天 Unit 10 Lesson 2,potential,"n.潜力,潜能 adj.潜在的;可能的"
第38天 Unit 10 Lesson 2,spot,"n.地点,场所;污渍;斑点 v.看见;发现"
第38天 Unit 10 Lesson 2,plot,v.密谋;策划 n.故事情节;密谋
第38天 Unit 10 Lesson 2,stain,"n.污点,污渍 v.(被)玷污;给……染色"
第38天 Unit 10 Lesson 2,fluent,adj.流利的;流畅的
第38天 Unit 10 Lesson 2,*fluently,adv.流利地;流畅地
第38天 Unit 10 Lesson 2,smooth,adj.光滑的;顺利的;平稳的
第38天 Unit 10 Lesson 2,agent,n.代理人;经纪人
第38天 Unit 10 Lesson 2,agency,n.服务机构;代理机构;(政府的)专门机构
第39天 Unit 10 Lesson 3,,
第39天 Unit 10 Lesson 3,include,v.包括;使成为……的一部分
第39天 Unit 10 Lesson 3,*inclusive,adj.包括一切的
第39天 Unit 10 Lesson 3,*inclusion,"n.(被)包括,包含"
第39天 Unit 10 Lesson 3,exclude,v.不包括;防止……进入;排除
第39天 Unit 10 Lesson 3,exclusive,adj.专有的;排外的 n.独家报道
第39天 Unit 10 Lesson 3,conclude,v.断定;得出结论;结束
第39天 Unit 10 Lesson 3,*conclusive,adj.结论性的;确凿的
第39天 Unit 10 Lesson 3,conclusion,n.结束;结论
第39天 Unit 10 Lesson 3,author,"n.作家,作者"
第39天 Unit 10 Lesson 3,authority,"n.专家;权威;批准,授权;当局,官方"
第39天 Unit 10 Lesson 3,authentic,adj.真正的;真实的;可靠的
第39天 Unit 10 Lesson 3,authorise/-ize,v.批准;授权
第39天 Unit 10 Lesson 3,*authorisation/-ization,n.批准;授权
第39天 Unit 10 Lesson 3,official,adj.正式的;官方的 n.官员;高级职员
第39天 Unit 10 Lesson 3,officer,n.军官;官员;高级职员
第39天 Unit 10 Lesson 3,please,v.使高兴;使满意;喜欢 exclam.请
第39天 Unit 10 Lesson 3,*pleasing,adj.令人愉快的
第39天 Unit 10 Lesson 3,pleasure,"n.愉快,快乐;乐事"
第39天 Unit 10 Lesson 3,pleased,adj.高兴的;满意的
第39天 Unit 10 Lesson 3,pleasant,adj.令人愉快的;舒适的
第39天 Unit 10 Lesson 3,*unpleasant,adj.使人不愉快的
第39天 Unit 10 Lesson 3,polite,"adj.有礼貌的,客气的;文雅的"
第39天 Unit 10 Lesson 3,excite,v.使激动;刺激;激发
第39天 Unit 10 Lesson 3,*excited,adj.兴奋的
第39天 Unit 10 Lesson 3,*exciting,adj.令人激动的;使人兴奋的
第39天 Unit 10 Lesson 3,*excitement,n.激动;兴奋;刺激
第39天 Unit 10 Lesson 3,late,"adj.迟到的;晚的;已故的 adv.迟,晚"
第39天 Unit 10 Lesson 3,later,"adv.后来,随后 adj.后来的;以后的"
第39天 Unit 10 Lesson 3,latter,adj.后者的 n.后者
第39天 Unit 10 Lesson 3,lately,"adv.最近,不久前"
第39天 Unit 10 Lesson 3,former,adj.以前的;前者的 n.前者
第39天 Unit 10 Lesson 3,previous,"adj.先前的,以往的;(时间上)稍前的"
第39天 Unit 10 Lesson 3,*previously,adv.先前
第39天 Unit 10 Lesson 3,latest,adj.最近的;最新的
第39天 Unit 10 Lesson 3,accumulate,v.积累;堆积
第39天 Unit 10 Lesson 3,*accumulation,"n.积累,积聚"
第39天 Unit 10 Lesson 3,absolute,adj.完全的;绝对的;确凿的
第39天 Unit 10 Lesson 3,*absolutely,adv.绝对地;极其
第39天 Unit 10 Lesson 3,extreme,adj.极度的;极端的;严重的 n.完全相反的事物
第39天 Unit 10 Lesson 3,*extremely,adv.极其;极端;非常
第39天 Unit 10 Lesson 3,thorough,adj.彻底的;完全的;深入的
第39天 Unit 10 Lesson 3,*thoroughly,adv.非常;彻底地;仔细地
第39天 Unit 10 Lesson 3,through,prep.穿过;自始至终 adv.通过;径直;完全
第39天 Unit 10 Lesson 3,cross,v.穿越;交叉 n.叉形记号;十字架
第39天 Unit 10 Lesson 3,throughout,"prep./adv.遍及,到处;自始至终"
第39天 Unit 10 Lesson 3,special,adj.特别的;专门的 n.特别活动;特价
第39天 Unit 10 Lesson 3,*specially,adv.专门地;特意
第39天 Unit 10 Lesson 3,*specialise/-ize,v.专门研究;专攻
第39天 Unit 10 Lesson 3,*specialisation/-ization,n.专门化;专业化
第39天 Unit 10 Lesson 3,specialist,n.专家;专科医生 adj.专业人员的;专家的
第39天 Unit 10 Lesson 3,single,adj.单身的;单一的;单人的
第39天 Unit 10 Lesson 3,singular,adj.非凡的;奇特的;单数(形式)的
第39天 Unit 10 Lesson 3,unique,adj.唯一的;独特的;罕见的
第39天 Unit 10 Lesson 3,particular,"adj.特别的;专指的;挑剔的 n.详情,细节"
第39天 Unit 10 Lesson 3,*particularly,adv.特别;尤其
第39天 Unit 10 Lesson 3,especially,adv.尤其;专门;非常
第39天 Unit 10 Lesson 3,peculiar,"adj.奇怪的;特有的,特殊的"
第39天 Unit 10 Lesson 3,odd,"adj.奇怪的;临时的;不成对的,奇数的"
第39天 Unit 10 Lesson 3,specific,adj.特定的;具体的;特有的
第39天 Unit 10 Lesson 3,specify,v.具体说明;明确规定
第39天 Unit 10 Lesson 3,detail,n.细节;详情
第39天 Unit 10 Lesson 3,*detailed,adj.详细的;细致的;精细的
第39天 Unit 10 Lesson 3,tailor,n.裁缝 v.专门制作;定做
第39天 Unit 10 Lesson 3,summary,n.总结 adj.总结性的
第39天 Unit 10 Lesson 3,*summarise/-ize,v.总结;概括
第39天 Unit 10 Lesson 3,daily,"n.日报 adj.每日的;日常的 adv.每日,每天"
第39天 Unit 10 Lesson 3,during,prep.在……期间
第39天 Unit 10 Lesson 3,period,"n.一段时间;时期,时代"
第39天 Unit 10 Lesson 3,week,"n.周,星期;一周"
第39天 Unit 10 Lesson 3,weekday,n.工作日
第39天 Unit 10 Lesson 3,weekend,n.周末
第39天 Unit 10 Lesson 3,weekly,adj.每周的 adv.每周 n.周报;周刊
第39天 Unit 10 Lesson 3,tonight,adv.在今晚 n.今晚
第39天 Unit 10 Lesson 3,midnight,n.午夜;子夜
第39天 Unit 10 Lesson 3,overnight,adv.在晚上;忽然 adj.夜间的;忽然的
第39天 Unit 10 Lesson 3,alone,adj./adv.单独(地);独自的(地)
第39天 Unit 10 Lesson 3,lonely,"adj.孤独的,寂寞的;荒凉的,人迹罕至的"
第39天 Unit 10 Lesson 3,isolate,"v.(使)隔离,孤立,脱离"
第39天 Unit 10 Lesson 3,familiar,adj.熟悉的;通晓的
第39天 Unit 10 Lesson 3,*unfamiliar,adj.不熟悉的
第39天 Unit 10 Lesson 3,acquaint,"v.使熟悉,使了解"
第39天 Unit 10 Lesson 3,*acquaintance,n.熟人
第39天 Unit 10 Lesson 3,probable,adj.很可能发生(或存在)的
第39天 Unit 10 Lesson 3,*probably,adv.大概;很可能
第39天 Unit 10 Lesson 3,possible,adj.可能的;合理的;可接受的
第39天 Unit 10 Lesson 3,possibility,n.可能;可能性
第39天 Unit 10 Lesson 3,possibly,adv.可能;或许
第39天 Unit 10 Lesson 3,impossible,adj.不可能的;难处理的
第40天 Unit 10 Lesson 4,,
第40天 Unit 10 Lesson 4,sponsor,v.赞助;主办 n.赞助者;发起人
第40天 Unit 10 Lesson 4,devote,v.奉献;致力于
第40天 Unit 10 Lesson 4,*devotion,"n.奉献,奉献精神"
第40天 Unit 10 Lesson 4,contribute,v.贡献;捐助
第40天 Unit 10 Lesson 4,*contribution,n.贡献;捐款
第40天 Unit 10 Lesson 4,attribute,"v.把……归因于 n.属性,性质;特征"
第40天 Unit 10 Lesson 4,distribute,"v.分发,分配;散布;分销"
第40天 Unit 10 Lesson 4,radar,n.雷达
第40天 Unit 10 Lesson 4,radiate,"v.辐射,放射;散发"
第40天 Unit 10 Lesson 4,*radiation,n.辐射;放射线
第40天 Unit 10 Lesson 4,difficult,adj.困难的;难解的;难做的
第40天 Unit 10 Lesson 4,difficulty,n.困难;艰难;难事;难题
第40天 Unit 10 Lesson 4,puzzle,"v.使困惑,使迷惑 n.谜;智力游戏;疑问"
第40天 Unit 10 Lesson 4,asleep,adj.睡着的
第40天 Unit 10 Lesson 4,mystery,n.神秘的事物;谜
第40天 Unit 10 Lesson 4,*mysterious,adj.神秘的
第40天 Unit 10 Lesson 4,guess,"v./n.猜测,推测"
第40天 Unit 10 Lesson 4,bet,n.赌注 v.打赌;敢肯定
第40天 Unit 10 Lesson 4,culture,n.文化;文明
第40天 Unit 10 Lesson 4,*cultural,adj.文化的
第40天 Unit 10 Lesson 4,knowledge,"n.知识,学问;了解;理解"
第40天 Unit 10 Lesson 4,acknowledge,v.承认;认可;致谢
第40天 Unit 10 Lesson 4,psychology,n.心理学;心理影响
第40天 Unit 10 Lesson 4,*psychological,adj.心理(学)的;精神上的
第40天 Unit 10 Lesson 4,philosophy,n.哲学;哲理
第40天 Unit 10 Lesson 4,*philosopher,n.哲学家;深思的人;善于思考的人
第40天 Unit 10 Lesson 4,logic,n.思维方式;逻辑;逻辑学
第40天 Unit 10 Lesson 4,*logical,adj.合乎情理的;符合逻辑的
第40天 Unit 10 Lesson 4,politics,n.政治;政治学;政治观点
第40天 Unit 10 Lesson 4,political,adj.政治的;政府的;政党的
第40天 Unit 10 Lesson 4,agriculture,n.农业;农学
第40天 Unit 10 Lesson 4,*agricultural,adj.农业的;农学的
第40天 Unit 10 Lesson 4,history,n.历史;历史学
第40天 Unit 10 Lesson 4,*historical,adj.(有关)历史的;历史学的;历史题材的
第40天 Unit 10 Lesson 4,*historic,adj.历史上著名(或重要)的;有史时期的
第40天 Unit 10 Lesson 4,industry,n.工业;行业;勤劳
第40天 Unit 10 Lesson 4,*industrial,adj.工业的;产业的
第40天 Unit 10 Lesson 4,*industrialise/-ize,v.(使国家或地区)工业化
第40天 Unit 10 Lesson 4,geography,"n.地理(学);地形,地貌;地理环境"
第40天 Unit 10 Lesson 4,biology,n.生物学
第40天 Unit 10 Lesson 4,*biological,adj.生物学的
第40天 Unit 10 Lesson 4,cell,n.细胞;手机;小房间;牢房
第40天 Unit 10 Lesson 4,art,n.艺术;文科;技能
第40天 Unit 10 Lesson 4,artist,n.艺术家;画家
第40天 Unit 10 Lesson 4,article,n.文章;条款;物品;冠词
第40天 Unit 10 Lesson 4,medicine,n.药;医学
第40天 Unit 10 Lesson 4,*medical,adj.医疗的;医学的
第40天 Unit 10 Lesson 4,drug,n.药;毒品
第40天 Unit 10 Lesson 4,pill,n.药丸;药片
第40天 Unit 10 Lesson 4,tablet,n.药片;平板电脑
第40天 Unit 10 Lesson 4,music,n.音乐;乐曲;乐谱
第40天 Unit 10 Lesson 4,*musical,adj.音乐的;悦耳的;有音乐天赋的
第40天 Unit 10 Lesson 4,*musician,n.音乐家;乐师
第40天 Unit 10 Lesson 4,science,n.科学;理科;学科
第40天 Unit 10 Lesson 4,*scientific,adj.科学(上)的
第40天 Unit 10 Lesson 4,*scientist,n.科学家
第40天 Unit 10 Lesson 4,theory,n.理论;原理;学说
第40天 Unit 10 Lesson 4,chemistry,n.化学
第40天 Unit 10 Lesson 4,*chemical,n.化学品 adj.与化学有关的;化学的
第40天 Unit 10 Lesson 4,*chemist,n.化学家;药剂师
第40天 Unit 10 Lesson 4,coal,n.煤;煤块
第40天 Unit 10 Lesson 4,thus,"adv.因此,所以;这样,如此"
第40天 Unit 10 Lesson 4,unless,conj.除非;如果不
第40天 Unit 10 Lesson 4,along,"adv.向前;和……一起,一同 prep.沿着,顺着"
第40天 Unit 10 Lesson 4,until,prep./conj.直到……为止
第40天 Unit 10 Lesson 4,whereas,"conj.然而,但是,尽管"
第40天 Unit 10 Lesson 4,yet,adv.还;迄今为止 conj.然而
第40天 Unit 10 Lesson 4,thereby,adv.因此;由此;从而
第40天 Unit 10 Lesson 4,toward(s),"prep.向,朝;趋向,接近"
第40天 Unit 10 Lesson 4,either,det./pron.(两者中的)任何一个 adv.也
第40天 Unit 10 Lesson 4,neither,det./pron.两者都不 adv.也不
第40天 Unit 10 Lesson 4,never,"adv.从不,绝不"
第40天 Unit 10 Lesson 4,nevertheless,adv.尽管如此;不过;然而
第40天 Unit 10 Lesson 4,moreover,adv.此外;而且
第40天 Unit 10 Lesson 4,furthermore,adv.此外;而且;再者
第40天 Unit 10 Lesson 4,even,adv.甚至;即使 adj.相等的;均衡的
第40天 Unit 10 Lesson 4,although,conj.尽管;虽然
